Group,Subgroup,Genus,Species,Stage bin,Body size (cm),Citation
Actinopterygii,NA,Dialipina,markae,Lochkovian-Emsian,6.3,Basden & Young 2001
Actinopterygii,NA,Ligulalepis,toombsi,Emsian,7.3,Basden & Young 2001
Actinopterygii,NA,Dialipina,salgueroensis,Emsian,12,Basden & Young 2001
Actinopterygii,NA,Cheirolepis,tralli,Eifelian-Givetian,25,Frickhinger 1991
Actinopterygii,NA,Moythomasia,striatus,Eifelian-Frasnian,15,Gross 1953
Actinopterygii,NA,Donnrosenia,schaefferi,Givetian,21,Long et al. 2008
Actinopterygii,NA,Howqualepis,rostridens,Givetian,50,Long 1988
Actinopterygii,NA,Howqualepis,youngorum,Givetian,14,Choo 2009
Actinopterygii,NA,Stegotrachelus,finlayi,Givetian-Frasnian,14.6,Swartz 2009
Actinopterygii,NA,Cheirolepis,canadensis,Frasnian,53,Whitheaves 1887
Actinopterygii,NA,Moythomasia,durgaringa,Frasnian,10,Daeschler 2000
Actinopterygii,NA,Moythomasia,nitida,Frasnian,15,Choo 2011
Actinopterygii,NA,Moythomasia,sp.,Frasnian,20,Choo 2011
Actinopterygii,NA,Mimipsicus,toombsi,Frasnian,20,Choo 2011
Actinopterygii,NA,Osorioichthys,marginis,Famennian,30,Taverne 1997
Actinopterygii,NA,Krasnoyarichthys,jesseni,Famennian,10,Prokofiev 2002
Actinopterygii,NA,Limnomis,delaneyi,Famennian,6,Daeschler 2000
Actinopterygii,NA,Cuneognathus,gardineri,Famennian,12,Friedman & Blom 2006
Actinopterygii,NA,Tegeolepis,clarki,Famennian,100,Dunkle & Schaeffer 1973
Actinopterygii,NA,Kentuckia,hlavini,Famennian,10,Frickhinger 1991
Actinopterygii,NA,Gonatodus,brainerdi,Famennian,40,Newberry 1889
Actinopterygii,NA,Ganolepis,gracilis,Tournaisian,5,Woodward 1893
Actinopterygii,NA,Oxypteriscus,minimus,Tournaisian,5,Berg et al. 1967
Actinopterygii,NA,Senekichthys,hirundo,Tournaisian,10,Prokofiev 2004
Actinopterygii,NA,Ministrella,longicauda,Tournaisian,5,Berg et al. 1967
Actinopterygii,NA,Gyrolepitodus,sp.,Tournaisian,5,Berg et al. 1967
Actinopterygii,NA,Palaeobergia,microlepis,Tournaisian,12,Berg et al. 1967
Actinopterygii,NA,Mansfieldiscus,sweeti,Tournaisian,40,Long 1988
Actinopterygii,NA,Novogonatodus,kazantsevae,Tournaisian,20,Long 1988
Actinopterygii,NA,Aetheretmon,valentiacum,Tournaisian,12,Smithson et al. 2012
Actinopterygii,NA,Strepheoschema,fouldenensis,Tournaisian,16,"Gardiner, 1985"
Actinopterygii,NA,Fouldenia,ischyptera,Tournaisian,12,"Sallan and Coates, 2013"
Actinopterygii,NA,Phanerosteon,ovensi,Tournaisian,9,Smithson et al. 2012
Actinopterygii,NA,Cosmoptychius,striatus,Tournaisian-Visean,26,Traquair 1877
Actinopterygii,NA,Rhadinichthys,alberti,Tournaisian,9,Lambe 1910
Actinopterygii,NA,Acrolepis,hortonensis,Tournaisian,30,Lambe 1910
Actinopterygii,NA,Elonichthys,browni,Tournaisian,11,Hussakof & Bryant 1918
Actinopterygii,NA,Mansfieldiscus?,gibbus,Tournaisian,10,Long 1988
Actinopterygii,NA,Kentuckia,deani,Tournaisian,13,Berg et al. 1967
Actinopterygii,NA,Benedenius,deenensis,Visean,29,Boulenger 1899
Actinopterygii,NA,Adroichthys,tuberculatus,Visean,10,Gardiner 1969
Actinopterygii,NA,Mentzichthys,jubbi,Visean,40,Gardiner 1969
Actinopterygii,NA,Mentzichthys,maraisi,Visean,18,Gardiner 1969
Actinopterygii,NA,Mentzichthys,theroni,Visean,12,Gardiner 1969
Actinopterygii,NA,Aestaurichthys,fulcratus,Visean,10.5,Gardiner 1969
Actinopterygii,NA,Soetendalichthys,cromptoni,Visean,21,Gardiner 1969
Actinopterygii,NA,Australichthys,longidorsalis,Visean,15,Gardiner 1969
Actinopterygii,NA,Willomorichthys,striatulus,Visean,25,Gardiner 1969
Actinopterygii,NA,Sundayichthys,cromptoni,Visean,10,Gardiner 1969
Actinopterygii,NA,Dwykia,anaensis,Visean,12,Gardiner 1969
Actinopterygii,NA,Tarrasius,problematicus,Visean,9,Sallan 2012
Actinopterygii,NA,Holurus,parki,Visean,12,Berg et al. 1967
Actinopterygii,NA,Mesopoma,politum,Visean,7,Frickhinger 1991
Actinopterygii,NA,Mesopoma,pulchellum,Visean,8,Frickhinger 1991
Actinopterygii,NA,Mesopoma,crassum,Visean,15,Moy-Thomas 1934
Actinopterygii,NA,Canobius,ramseyi,Visean,12,Frickhinger 1991
Actinopterygii,NA,Styracopterus,fulcratus,Visean,16,"Sallan and Coates, 2013"
Actinopterygii,NA,Canobius,elegantulus,Visean,7,Moy-Thomas 1934
Actinopterygii,NA,Paramesolepis,rhombus,Visean,13,"Sallan and Coates, 2013"
Actinopterygii,NA,Paramesolepis,tuberculata,Visean,13,"Sallan and Coates, 2013"
Actinopterygii,NA,Rhadinichthys,canobiensis,Visean,12,Moy-Thomas 1934
Actinopterygii,NA,Proteurynotus,sp.,Visean,16,"Sallan and Coates, 2013"
Actinopterygii,NA,Rhadinichthys,carinatus,Visean,11,Traquair 1907
Actinopterygii,NA,Wardichthys,cyclosoma,Visean,11,"Sallan and Coates, 2013"
Actinopterygii,NA,Rhadinichthys,elegantulus,Visean,4.5,Berg et al. 1967
Actinopterygii,NA,Rhadinichthys,fusiformis,Visean,11,Frickhinger 1991
Actinopterygii,NA,Rhadinichthys,ornatissmus,Visean,25,Hussakof & Bryant 1918
Actinopterygii,NA,Cycloptychius,concentricus,Visean,12,Berg et al. 1967
Actinopterygii,NA,Elonichthys,serratus,Visean,12,Traquair 1881
Actinopterygii,NA,Elonichthys,striatulus,Visean,6,Traquair 1881
Actinopterygii,NA,Elonichthys,robisoni,Visean-Serpukhovian,10,Traquair 1881
Actinopterygii,NA,Acrolepis,ortholepis,Visean,30,Frickhinger 1991
Actinopterygii,NA,Cherodopsis,geikei,Visean,9,Frickhinger 1991
Actinopterygii,NA,Nematoptychius,greenocki,Visean-Serpukhovian,45,Frickhinger 1991
Actinopterygii,NA,Platysomus,superbus,Visean,18,Moy-Thomas 1934
Actinopterygii,NA,Gonatodus,punctatus,Visean,5,Traquair 1907
Actinopterygii,NA,Eurynotus,crenatus,Visean-Serpukhovian,17,Frickhinger 1991
Actinopterygii,NA,Drydenius,insignius,Visean-Serpukhovian,10,Frickhinger 1991
Actinopterygii,NA,Phanerosteon,mirabile,Visean,14,Moy-Thomas and Miles 1971
Actinopterygii,NA,Mesolepis,sp.,Visean,20,Photo
Actinopterygii,NA,Amphicentrum,crassum,Visean-Serpukhovian,30,"Sallan and Coates, 2013"
Actinopterygii,NA,Frederichthys,musadentatis,Serpukhovian,5.7,Coates 1993
Actinopterygii,NA,Mesopoma,carricki,Serpukhovian,7,Coates 1993
Actinopterygii,NA,Mesopoma,smithsoni,Serpukhovian,8,Coates 1993
Actinopterygii,NA,Mesopoma,pancheni,Serpukhovian,5.5,Coates 1993
Actinopterygii,NA,Mesopoma,planti,Serpukhovian,6,Coates 1999
Actinopterygii,NA,Woodichthys,sp.,Serpukhovian,11,Photo
Actinopterygii,NA,Melanecta,anneae,Serpukhovian,5,Coates 1993
Actinopterygii,NA,Paratarrasius,hibbardi,Serpukhovian,13.6,Lund & Melton 1982
Actinopterygii,NA,Aesopichthys,erinaceus,Serpukhovian,9,Poplin & Lund 2000
Actinopterygii,NA,Proceramala,montanensis,Serpukhovian,10,Poplin & Lund 2000
Actinopterygii,NA,Cyranorhis,bergeraci,Serpukhovian,15,Lund & Poplin 1997
Actinopterygii,NA,Kalops,monophrys,Serpukhovian,11.6,Poplin & Lund 2002
Actinopterygii,NA,Kalops,diophrys,Serpukhovian,9.6,Poplin & Lund 2002
Actinopterygii,NA,Discoserra,pectinodon,Serpukhovian,6,Lund 2000
Actinopterygii,NA,Guildayichthys,carnegiei,Serpukhovian,6,Lund 2000
Actinopterygii,NA,Wendyichthys,dicksoni,Serpukhovian,12,Lund & Poplin 1997
Actinopterygii,NA,Wendyichthys,lautreci,Serpukhovian,11,Lund & Poplin 1997
Actinopterygii,NA,Yogoniscus,gulo,Serpukhovian,27,Frickhinger 1991
Actinopterygii,NA,Rhadinichthys,monensis,Serpukhovian,9,Wellburn 1900
Actinopterygii,NA,Tanypterichthys,pridensis,Serpukhovian,50,Weems & Windolph 1986
Actinopterygii,NA,Cryphiolepis,striatus,Serpukhovian,12,Traquair 1881
Actinopterygii,NA,Fubarichthys,copiosus,Serpukhovian,10,"Lowney, 1980"
Actinopterygii,NA,Apholidotus,ossna,Serpukhovian,8,Frickhinger 1991
Actinopterygii,NA,Elonichthys,obliquuis,Serpukhovian,15,Wellburn 1903
Actinopterygii,NA,Lineagruan,judithi,Serpukhovian,9.5,Mickle et al. 2009
Actinopterygii,NA,Lineagruan,snowyi,Serpukhovian,12.3,Mickle et al. 2009
Actinopterygii,NA,Beagiascus,pulcherrimus,Serpukhovian,10,Mickle et al. 2009
Actinopterygii,NA,Atracauda,lundi,Serpukhovian,13,Frickhinger 1991
Actinopterygii,NA,Bourbonella,jocelynae,Serpukhovian,3,Mickle 2011
Actinopterygii,NA,Guntherichthys,lehiensis,Serpukhovian,7.5,Mickle 2011
Actinopterygii,NA,Spinofacia,pectinatus,Serpukhovian,10,Mickle 2011
Actinopterygii,NA,Prohapolepis,scotica,Serpukhovian,4,Lowney 1983
Actinopterygii,NA,Blairolepis,loanheadensis,Serpukhovian,4.5,Lowney 1983
Acanthodii,Acanthodida,Promesacanthus,eppleri,Lochkovian,3,Hanke 2008a
Acanthodii,Climatiida,Gladiobranchus,probaton,Lochkovian,11,Hanke 2008b
Acanthodii,Climatiida,Cassidiceps,vermiculatus,Lochkovian,6.7,Gagnier & Wilson 1996
Acanthodii,NA,Brochoadmones,milesi,Lochkovian,14,Denison 1979
Acanthodii,Climatiida,Lupopsyrus,pygmaeus,Lochkovian,5.5,Denison 1979
Acanthodii,NA,Paucicanthus,vanelsti,Lochkovian,3.8,Hanke 2002
Acanthodii,Climatiida,Tetanopsyrus,lindoei,Lochkovian,3.7,Hanke et al. 2001
Acanthodii,Climatiida,Tetanopsyrus,breviacanthus,Lochkovian,4,Hanke et al. 2001
Acanthodii,Ishnacanthida,Machaeracanthus,bohemicus,Lochkovian-Emsian,200,Denison 1979
Acanthodii,Climatiida,Ptomacanthus,anglicus,Lochkovian,30,Denison 1979
Acanthodii,Climatiida,Vernicomacanthus,waynensis,Lochkovian,15,Denison 1979
Acanthodii,Climatiida,Uraniacanthus,spinosus,Lochkovian,15,Denison 1979
Acanthodii,Ishnacanthida,Onchus,besomensis,Lochhovian,30,White 1962
Acanthodii,Ishnacanthida,Onchus,wheathillensis,Lochkovian,50,White 1962
Acanthodii,Climatiida,Bradyacanthus,scutiger,Lochkovian,7,Denison 1979
Acanthodii,Climatiida,Climatius,reticulatus,Lochkovian,14,Frickhinger 1991
Acanthodii,Climatiida,Euthacanthus,macnicoli,Lochkovian,14,Frickhinger 1991
Acanthodii,Ishnacanthida,Ishnacanthus,gracilis,Lochkovian,16,Denison 1979
Acanthodii,Acanthodida,Mesacanthus,mitchelli,Lochkovian,6,Frickhinger 1991
Acanthodii,NA,Podoliacanthus,zychi,Lochkovian-Pragian,16,Voichyshyn & Szaniawski 2012
Acanthodii,Climatiida,Acritolepis,ushakovi,Lochkovian,8,"Valiukevius, 2003b"
Acanthodii,Climatiida,Acritolepis,urvantsevi,Lochkovian,12,"Valiukevius, 2003b"
Acanthodii,Ishnacanthida,Poracanthodes,punctatus,Lochkovian-Pragian,20,"Valiukevius, 2003b"
Acanthodii,Ishnacanthida,Acanthophora,transitans,Lochkovian,7.5,"Valiukevius, 2003b"
Acanthodii,NA,Sinacanthus,wuchangensis,Lochkovian-Givetian,47,Maisley & Janvier 2011
Acanthodii,NA,Sinacanthus,sp.,Lochkovian,27,Maisley & Janvier 2011
Acanthodii,Climatiida,Parexus,incurvus,Lochkovian,7.5,Noyitskava & Obruchev 1967
Acanthodii,Ishnacanthida,Machaeracanthus,goujeti,Pragian,30,Botella et al. 2012
Acanthodii,Ishnacanthida,Machaeracanthus,hunsrueckianum,Pragian-Emsian,150,"Sudkamp and Burrow, 2007"
Acanthodii,Ishnacanthida,Machaeracanthus,peracutus,Pragian-Emsian,81,Newberry 1889
Acanthodii,Ishnacanthida,Machaeracanthus,sulcatus,Pragian-Givetian,110,Newberry 1889
Acanthodii,Climatiida,Undichna,septesmsulcata,Pragian,34,Wisshak et al. 2004
Acanthodii,Climatiida,Bryantonchus,peracutus,Pragian-Emsian,31,Burrow 2007
Acanthodii,Ishnacanthida,Machaeracanthus,sp.,Emsian,140,"Sudkamp and Burrow, 2007"
Acanthodii,Ishnacanthida,Taemasacanthus,erroli,Emsian,28,Long 1986
Acanthodii,Ishnacanthida,Taemasacanthus,porca,Emsian,9.3,Lindley 2000
Acanthodii,Ishnacanthida,Taemasacanthus,cooradigbeensis,Emsian,14,Lindley 2002
Acanthodii,Ishnacanthida,Taemasacanthus,narrengullensis,Emsian,22,Lindley 2002
Acanthodii,Ishnacanthida,Cavanacanthus,warrooensis,Emsian,16,Lindley 2000
Acanthodii,Ishnacanthida,Cambaracanthus,comptus,Emsian,11,Lindley 2000
Acanthodii,Climatiida,Sevyacanthus,elliotti,Emsian,24,Burrow 2007
Acanthodii,Climatiida,Climatius,latispinosus,Emsian,54,Burrow 2007
Acanthodii,Climatiida,Nodocosta,denisoni,Emsian,15,Burrow 2007
Acanthodii,Ishnacanthida,Ishnacanthus,sp.,Emsian,31,Burrow 2007
Acanthodii,Ishnacanthida,Cacheacanthus,utahensis,Emsian,32,Burrow 2007
Acanthodii,Ishnacanthida,Melanocanthus,minutus,Emsian,2,Cumbaa & Schultze 2002
Acanthodii,Climatiida,Diplacanthus,striatus,Eifelian-Givetian,10,Denison 1979
Acanthodii,Climatiida,Diplacanthus,tenuistriatus,Eifelian-Givetian,19,Denison 1979
Acanthodii,Gyracanthida,Gyracanthides,sp.1,Eifelian,150,Long 2011
Acanthodii,Gyracanthida,Gyracanthides,sp.2,Eifelian,110,Warren et al. 2000
Acanthodii,Gyracanthida,Gyracanthus,sp.,Eifelian,50,"Blieck et al., 1980"
Acanthodii,Climatiida,Rhadinacanthus,longispinus,Eifelian-Givetian,16,Frickhinger 1991
Acanthodii,Acanthodida,Cheiracanthus,murchisoni,Eifelian-Givetian,30,Denison 1979
Acanthodii,Acanthodida,Cheiracanthus,latus,Eifelian-Givetian,19,Denison 1979
Acanthodii,Ishnacanthida,Atopacanthus,pecularis,Eifelian,52,Burrow 2004
Acanthodii,Ishnacanthida,Atopacanthus,ambrockensis,Eifelian,17,Otto 1999
Acanthodii,Acanthodida,Mesacanthus,peachi,Eifelian-Givetian,6,Denison 1979
Acanthodii,Acanthodida,Haplacanthus,marginalis,Givetian,28,Noyitskava & Obruchev 1967
Acanthodii,Acanthodida,Homacanthus,gracilis,Givetian,8.2,Noyitskava & Obruchev 1967
Acanthodii,Ishnacanthida,Machaeracanthus,longaevus,Givetian,16,Reed 1986
Acanthodii,Ishnacanthida,Machaeracanthus,major,Givetian,260,Newberry 1889
Acanthodii,Climatiida,Nodocosta,pauli,Givetian,16,Denison 1979
Acanthodii,Climatiida,Diplacanthus,longispinus,Givetian,22,Denison 1979
Acanthodii,Climatiida,Antarctonchus,glacialis,Givetian-Frasnian,80,Denison 1979
Acanthodii,Gyracanthida,Gyracanthides,warreni,Givetian-Famennian,50,Blieck et al. 1980
Acanthodii,Climatiida,Culmacanthus,antarctica,Givetian,21,Young 1989
Acanthodii,Climatiida,Culmacanthus,pambulensis,Givetian-Frasnian,14,Young 1989
Acanthodii,NA,Archaecanthus,quadrisulcatus,Givetian,60,Denison 1979
Acanthodii,Climatiida,Milesacanthus,antarctica,Givetian,22,Young & Burrow 2004
Acanthodii,Ishnacanthida,Howittacanthus,kentoni,Givetian,19,Long 1986
Acanthodii,Acanthodida,Lodeacanthus,guajicas,Givetian,3.12,Upniece 2001
Acanthodii,Acanthodida,Oracanthus,sp.,Givetian,220,Denison 1979
Acanthodii,Ishnacanthida,Persacanthus,simpsoniensis,Givetian-Frasnian,34,Reed 1986
Acanthodii,Ishnacanthida,Apateacanthus,vestustus,Frasnian,31,Burrow 2004
Acanthodii,Ishnacanthida,Atopacanthus,dentatus,Frasnian,31,Burrow 2004
Acanthodii,Climatiida,Culmacanthus,stewartii,Frasnian,14,Young 1989
Acanthodii,Ishnacanthida,Machaeracanthus,sp.,Frasnian,16,Reed 1986
Acanthodii,Ishnacanthida,Machaeracanthus,restustus,Frasnian,55,Wells 1940
Acanthodii,Climatiida,Diplacanthus,horridus,Frasnian,12,Denison 1979
Acanthodii,Acanthodida,Triazeugacanthus,affinus,Frasnian,3,Frickhinger 1991
Acanthodii,Acanthodida,Homalacanthus,concinnus,Frasnian,8,Frickhinger 1991
Acanthodii,Gyracanthida,Gyracanthus,sarlei,Frasnian,51,Hussakof & Bryant 1918
Acanthodii,Climatiida,Florestacanthus,morenoi,Frasnian,56,Burrow et al. 2003
Acanthodii,Climatiida,Cosmacanthus,malcomsoni,Frasnian,34,Noyitskava & Obruchev 1967
Acanthodii,Ishnacanthida,Onchus,latus,Famennian,4,Derycke & Clement 2002
Acanthodii,Gyracanthida,Gyracanthus,sherwoodi,Famennian,90,Newberry 1889
Acanthodii,Climatiida,Diplacanthus,acus,Famennian,10,Gess 2001
Acanthodii,Acanthodida,Devononchus,tenusipinus,Famennian,4,Derycke & Clement 2002
Acanthodii,Ishnacanthida,Grenfellacanthus,zerinae,Famennian,76,Long et al. 2004
Acanthodii,Acanthodida,Acanthodes,lopatini,Famennian-Tournaisian,12,Beznosov 2009
Acanthodii,Acanthodida,Acanthodes,dublinensis,Famennian,30,Denison 1979
Acanthodii,Acanthodida,Acanthodes,ovensis,Tournaisian,8.7,Dineley 1999
Acanthodii,Acanthodida,Acanthodes,australis,Tournaisian,30,Beznosov 2009
Acanthodii,Gyracanthida,Gyracanthus,falciformis,Tournaisian,90,Wells 1943
Acanthodii,Gyracanthida,Gyracanthus,compressus,Tournaisian,200,McCoy 1854
Acanthodii,Gyracanthida,Gyracanthus,alleni,Tournaisian,100,Newberry et al. 1870
Acanthodii,Gyracanthida,Gyracanthus,magnificus,Tournaisian,300,Traquair 1902
Acanthodii,Gyracanthida,Gyracanthus,obliquus,Tournaisian,200,Traquair 1902
Acanthodii,Gyracanthida,Gyracanthides,murrayi,Tournaisian,50,Denison 1979
Acanthodii,Gyracanthida,Oracanthus,milleri,Tournaisian-Serpukhovian,250,Denison 1979
Acanthodii,Gyracanthida,Oracanthus,pustulosus,Tournaisian,65,Patterson 1965
Acanthodii,Gyracanthida,Antacanthus,insignis,Tournaisian-Visean,300,Denison 1979
Acanthodii,Acanthodida,Acanthodes,nitidus,Visean,30,Watson 1937
Acanthodii,Gyracanthida,Gyracanthides,hawkinsi,Visean,100,Turner et al. 2005
Acanthodii,Acanthodida,Homacanthus,macrodus,Visean,12,McCoy 1848
Acanthodii,Acanthodida,Homacanthus,microdus,Visean,18,McCoy 1848
Acanthodii,Gyracanthida,Oracanthus,triangularis,Visean,150,Denison 1979
Acanthodii,Gyracanthida,Oracanthus,vetustus,Visean,250,Leidy 1856
Acanthodii,Gyracanthida,Gyracanthus,rectus,Visean,260,Wells 1943
Acanthodii,Gyracanthida,Acanthodopsis,russelli,Visean,37,Burrow 2004
Acanthodii,Acanthodida,Acanthodes,sulcatus,Visean-Serpukhovian,30,Watson 1937
Acanthodii,Acanthodida,Acanthodes,lundi,Serpukhovian,40,Zidek 1980
Acanthodii,Acanthodida,Acanthodes,wardi,Serpukhovian,25,Denison 1979
Acanthodii,Gyracanthida,Aganacanthus,striatulus,Serpukhovian,90,Denison 1979
Acanthodii,Gyracanthida,Gyracanthus,youngi,Serpukhovian,370,Traquair 1884
Acanthodii,Gyracanthida,Gyracanthus,nobilis,Serpukhovian,190,Traquair 1884
Acanthodii,Gyracanthida,Marsdenius,sumiti,Serpukhovian,10,Denison 1979
Acanthodii,Gyracanthida,Marsdenius,acuta,Serpukhovian,7,Denison 1979
Agnatha,Heterostraci,Protopteraspis,gosseletti,Lochkovian,21,Dineley 1999
Agnatha,Heterostraci,Poraspis,polaris,Lochkovian,13,Dineley 1999
Agnatha,Heterostraci,Poraspis,sericea,Lochkovian,20,Dineley 1999
Agnatha,Heterostraci,Poraspis,rostrata,Lochkovian,18,Elliott and Petriello 2011
Agnatha,Osteostraci,Cephalaspis,powrei,Lochkovian,12,Frickhinger 1991
Agnatha,Osteostraci,Cephalaspis,cradleyensis,Lochkovian,12,Dineley 1999
Agnatha,Osteostraci,Cephalaspis,cwmmillensis,Lochkovian,11,Dineley 1999
Agnatha,Osteostraci,Cephalaspis,abergavenniensis,Lochkovian,21,Dineley 1999
Agnatha,Osteostraci,Cephalaspis,pagei,Lochkovian,,Dineley 1999
Agnatha,Osteostraci,Cephalaspis,lyelli,Lochkovian,,Moy-Thomas & Miles 1971
Agnatha,Osteostraci,Cephalaspis,toombsi,Lochkovian,30,White 1935
Agnatha,Osteostraci,Cephalaspis,waynensis,Lochkovian,27,White 1935
Agnatha,Osteostraci,Cephalaspis,virgoi,Lochkovian,28,White 1935
Agnatha,Thelodonti,Turinia,pagei,Lochkovian,32,Frickhinger 1991
Agnatha,Heterostraci,Pteraspis,rostrata,Lochkovian,15,Frickhinger 1991
Agnatha,Heterostraci,Pteraspis,jackana,Lochkovian,15,White 1935
Agnatha,Heterostraci,Pteraspis,mitchelli,Lochkovian,26,Dineley 1999
Agnatha,Osteostraci,Cwmaspis,billcrofti,Lochkovian,14,Dineley 1999
Agnatha,Heterostraci,Rhinopteraspis,crouchi,Lochkovian,17,Dineley 1999
Agnatha,Heterostraci,Rhinopteraspis,dunensis,Lochkovian,17,Dineley 1999
Agnatha,Thelodonti,Nikolivia,milesi,Lochkovian,15,Turner 1982
Agnatha,Heterostraci,Errivaspis,waynensis,Lochkovian,19,Mark-Kurik and Botella 2009
Agnatha,Heterostraci,Althaspis,leachi,Lochkovian,70,Loeffler & Thomas 1980
Agnatha,Heterostraci,Althaspis,sennensis,Lochkovian,30,Loeffler & Thomas 1980
Agnatha,Heterostraci,Althaspis,tarloi,Lochkovian,26,Loeffler & Thomas 1980
Agnatha,Osteostraci,Zenaspis,kasymyri,Lochkovian,30,Voichyshyn 2011
Agnatha,Heterostraci,Podolaspis,danieli,Lochkovian,17,Voichyshyn 2011
Agnatha,Heterostraci,Djurinaspis,secunda,Lochkovian,30,Voichyshyn 2011
Agnatha,Heterostraci,Semipodolaspis,slobodensis,Lochkovian,24,Voichyshyn 2011
Agnatha,Osteostraci,Waengsjoeaspis,nahanniensis,Lochkovian,29,Scott & Wilson 2012
Agnatha,Osteostraci,Waengsjoeaspis,platycornis,Lochkovian,22,Scott & Wilson 2012
Agnatha,Heterostraci,Larovaspis,kneri,Lochkovian,14,Lebedev et al. 2009
Agnatha,Galeaspida,Polybranchiaspis,liaojaoshanensis,Lochkovian-Pragian,16,Moy-Thomas & Miles 1971
Agnatha,Galeaspida,Polybranchiaspis,minor,Lochkovian,4.3,Moy-Thomas & Miles 1971
Agnatha,Galeaspida,Polybranchiaspis,yulongssus,Lochkovian,22,Zhu & Gai 2007
Agnatha,Galeaspida,Laxaspis,qujingensis,Lochkovian,26,Liu 1975
Agnatha,Galeaspida,Laxaspis,rostrata,Lochkovian,28,Liu 1975
Agnatha,Galeaspida,Diandongaspis,xishancunensis,Lochkovian,20,Liu 1975
Agnatha,Galeaspida,Damaspis,vartus,Lochkovian,10,Wang & Wang 1982
Agnatha,Galeaspida,Stephaspis,dipteriga,Lochkovian,18,Gai & Zhu 2007
Agnatha,Galeaspida,Eugaleaspis,changi,Lochkovian,9,Liu 1975
Agnatha,Galeaspida,Nanpanaspis,microculus,Lochkovian,14,Liu 1975
Agnatha,Galeaspida,Cyclodiscaspis,ctenus,Lochkovian,22,Liu 1975
Agnatha,Osteostraci,Didymaspos,grinrodi,Lochkovian,8.6,Obruchev 1967
Agnatha,Osteostraci,Timanaspis,kossovi,Lochkovian,21,Obruchev 1967
Agnatha,Osteostraci,Sclerodus,pustuliferus,Lochkovian,5.8,Obruchev 1967
Agnatha,Osteostraci,Asceraspis,robusta,Lochkovian,16,Obruchev 1967
Agnatha,Osteostraci,Hemicyclaspis,murchisoni,Lochkovian,21,Obruchev 1967
Agnatha,Osteostraci,Hirella,gracilis,Lochkovian,9,Obruchev 1967
Agnatha,Anaspida,Rhyncholepis,parvulus,Lochkovian,7,Obruchev 1967
Agnatha,Anaspida,Pterygolepis,nitidus,Lochkovian,11,Obruchev 1967
Agnatha,Anaspida,Pharyngolepis,oblongus,Lochkovian,18,Obruchev 1967
Agnatha,Osteostraci,Parameteoraspis,oblongus,Lochkovian-Emsian,20,Belles-Isles 1989
Agnatha,Heterostraci,Aporemaspis,pholidata,Lochkovian,11,Elliott & Loeffler 1984
Agnatha,Heterostraci,Stegobranchiaspis,baringensis,Lochkovian,29,Elliott 1983
Agnatha,Heterostraci,Escharaspis,alata,Lochkovian,30,Elliott 1983
Agnatha,Heterostraci,Unarkaspis,schultzei,Lochkovian,29,Elliott 1983
Agnatha,Heterostraci,Ctenaspis,obruchevi,Lochkovian,14,Dineley 1976
Agnatha,Heterostraci,Ctenaspis,russelli,Lochkovian,17,Dineley 1976
Agnatha,Heterostraci,Sanqiaspis,vietnamensis,Lochkovian-Pragian,10,Wang et al. 2010
Agnatha,Heterostraci,Laxaspis,yulongssus,Lochkovian-Pragian,19,Wang et al. 2010
Agnatha,Heterostraci,Bannhuanaspis,vukhuci,Lochkovian-Pragian,30,Wang et al. 2010
Agnatha,Osteostraci,Pattenaspis,rogalai,Lochkovian-Pragian,20,Voichyshyn 2011
Agnatha,Osteostraci,Pattenaspis,whitei,Lochkovian,33,Keating et al. 2012
Agnatha,Osteostraci,Zenaspis,salweyi,,,Keating et al. 2012
Agnatha,Osteostraci,Zenaspis,podolica,,,Voichyshyn 2011
Agnatha,Osteostraci,Zenaspis,waynensis,,,Keating et al. 2012
Agnatha,Osteostraci,Zenaspis,dzieduszyckii,,,Voichyshyn 2011
Agnatha,Osteostraci,Zenaspis,major,,,Voichyshyn 2011
Agnatha,Osteostraci,Diademaspis,janvieri,Lochkovian,40,Keating et al. 2012
Agnatha,Osteostraci,Diademaspis?,mackenziensis,Lochkovian,9,Adrian & Wilson 1994
Agnatha,Osteostraci,Stensiopelta,pusulata,Lochkovian-Pragian,23,Janvier 1985
Agnatha,Osteostraci,Superciliaspis,gabrielsi,Lochkovian,5,Hawthorn et al. 2008
Agnatha,Osteostraci,Tannuaspis,levenkoi,Lochkovian,24,Afanassieva 1985
Agnatha,Osteostraci,Hoelaspis,angulata,Pragian,7,Obruchev 1967
Agnatha,Osteostraci,Tauraspis,rara,Pragian,8,Mark-Kurik & Janvier 1995
Agnatha,Osteostraci,Hapliaspis,apheles,Pragian,4,Mark-Kurik & Janvier 1995
Agnatha,Osteostraci,Severaspis,rostralis,Pragian,6,Mark-Kurik & Janvier 1995
Agnatha,Osteostraci,Benneviaspis,urvantsevi,Pragian,15,Voichyshyn 2011
Agnatha,Osteostraci,Benneviaspis,podolica,Pragian,13,Voichyshyn 2011
Agnatha,Osteostraci,Kiaeraspis,auchenaspidoides,Pragian,6,Obruchev 1967
Agnatha,Osteostraci,Axinaspis,whitei,Pragian,16,Moy-Thomas & Miles 1971
Agnatha,Osteostraci,Machairaspis,isachseni,Pragian,18,Scott et al. 2013
Agnatha,Osteostraci,Victoraspis,longicornualis,Pragian,22,Carlsson & Blom 2008
Agnatha,Osteostraci,Wladysagitta,janvieri,Pragian,17,Voichyshyn 2006
Agnatha,Heterostraci,Poraspis,sp.,Pragian,6.2,Elliott and Petriello 2011
Agnatha,Heterostraci,Dnestraspis,firma,Pragian,17,Voichyshyn 2011
Agnatha,Heterostraci,Parapteraspis,plana,Pragian,17,Voichyshyn 2011
Agnatha,Heterostraci,Alaeckaspis,ustechiensis,Pragian,22,Voichyshyn 2011
Agnatha,Heterostraci,Althaspis,elongata,Pragian,22,Voichyshyn 2011
Agnatha,Heterostraci,Althaspis,sapovensis,Pragian,35,Voichyshyn 2011
Agnatha,Heterostraci,Palanasaspis,chekhivensis,Pragian,9.3,Voichyshyn 2011
Agnatha,Heterostraci,Europrotaspis,arnelli,Pragian,21,Voichyshyn 2011
Agnatha,Heterostraci,Pavolaspis,pasternaki,Pragian,21,Voichyshyn 2011
Agnatha,Heterostraci,Weigeltaspis,sp.,Pragian,23,Voichyshyn 2011
Agnatha,Heterostraci,Benneviaspis,whitei,Pragian,11,Voichyshyn 2011
Agnatha,Heterostraci,Benneviaspis,zychi,Pragian,22,Voichyshyn 2011
Agnatha,Heterostraci,Citharaspis,polonica,Pragian,15,Voichyshyn 2011
Agnatha,Heterostraci,Citharaspis,junia,Pragian,15,Voichyshyn 2011
Agnatha,Heterostraci,Zychaspis,granulata,Pragian,18,Voichyshyn 2011
Agnatha,Heterostraci,Doryaspis,nathorsi,Pragian,21,Pernegre 2004
Agnatha,Heterostraci,Doryaspis,arctica,Pragian,17,Pernegre 2004
Agnatha,Heterostraci,Zascinaspis,laticephala,Pragian,38,Blieck & Goujet 1983
Agnatha,Heterostraci,Spitbergaspis,prima,Pragian,14,Pernegre 2004
Agnatha,Heterostraci,Gigantaspis,laticephala,Pragian,28,Pernegre 2004
Agnatha,Heterostraci,Gigantaspis,isachuen,Pragian,55,Pernegre 2004
Agnatha,Heterostraci,Gigantaspis,bocki,Pragian,19,Pernegre 2004
Agnatha,Heterostraci,Drepanaspis,gemuendenensis,Pragian-Emsian,60,Obruchev 1967
Agnatha,Osteostraci,Acrotomaspis,instabilis,Pragian,5.4,Obruchev 1967
Agnatha,Galeaspida,Lungmenshanaspis,yunnanaspis,Pragian,9,Wang et al. 1996
Agnatha,Galeaspida,Sanqiaspis,zhaotongensis,Pragian,11,Zhao & Zhu 2010
Agnatha,Galeaspida,Sanqiaspis,rostrata,Pragian,11,Zhao & Zhu 2010
Agnatha,Galeaspida,Qingmenaspis,microculus,Pragian,5,Liu 1993
Agnatha,Galeaspida,Gantarostrataspis,gengi,Pragian,20,Wang 1992
Agnatha,Galeaspida,Gumuaspis,rostrata,Pragian,15,Wang 1992
Agnatha,Galeaspida,Macrothyraspis,longicornis,Pragian,10,Zhao et al. 2002
Agnatha,Galeaspida,Hunanaspis,wudinensis,Pragian,23,Liu 1975
Agnatha,Galeaspida,Wenshanaspis,zhichangensis,Pragian,9,Zhao et al. 2002
Agnatha,Galeaspida,Zhaotongaspis,janvieri,Pragian,20,Wang & Zhu 1994
Agnatha,Galeaspida,Pterogonaspis,yuhaii,Pragian,21,Zhu 1992
Agnatha,Galeaspida,Dongfangaspis,major,Pragian,80,Liu 1975
Agnatha,Galeaspida,Lungmenshanaspis,kiangyouensis,Pragian,41,Wang et al. 1996
Agnatha,Galeaspida,Eugaleaspis,xujiachongensis,Pragian,14,Zhao & Zhu 2010
Agnatha,Heterostraci,Zascinaspis,carmani,Pragian,33,Blieck & Goujet 1983
Agnatha,Heterostraci,Allocryptaspis,laticostatus,Pragian,25,Denison 1960
Agnatha,Heterostraci,Cosmaspis,transversa,Pragian,38,Denison 1970
Agnatha,Heterostraci,Lampraspis,tuberculata,Pragian,32,Denison 1970
Agnatha,Heterostraci,Protaspis,brevispina,Pragian,48,Denison 1970
Agnatha,Heterostraci,Protaspis,mcgrewi,Pragian,37,Denison 1970
Agnatha,Heterostraci,Cardipeltis,richardsoni,Pragian,36,Denison 1966
Agnatha,Heterostraci,Cardipeltis,bryanti,Pragian,37,Denison 1966
Agnatha,Heterostraci,Amphiaspis,argos,Pragian,49,Obruchev 1967
Agnatha,Heterostraci,Hibernaspis,macrolepis,Pragian-Emsian,41,Obruchev 1967
Agnatha,Heterostraci,Eglonaspis,rostrata,Pragian-Emsian,38,Obruchev 1967
Agnatha,Heterostraci,Olbiaspis,coalescens,Pragian-Emsian,29,Obruchev 1967
Agnatha,Heterostraci,Siberiaspis,plana,Pragian-Emsian,26,Obruchev 1967
Agnatha,Heterostraci,Angaraspis,urvantzevi,Pragian-Emsian,23,Obruchev 1967
Agnatha,Osteostraci,Gustavaspis,trinodis,Emsian-Eifelian,7,Obruchev 1967
Agnatha,Heterostraci,Poraspis,thomasi,Emsian,6.2,Elliott and Petriello 2011
Agnatha,Galeaspida,Duyunaspis,paoyangensis,Emsian,20,Zhao & Zhu 2010
Agnatha,Heterostraci,Panamintaspis,snowi,Emsian,52,Elliott & Ilyes 1996
Agnatha,Heterostraci,Blieckaspis,priscillae,Emsian,46,Elliott & Ilyes 1996
Agnatha,Heterostraci,Indet. Pteraspidid,A,Emsian,9.7,Elliott & Ilyes 1996
Agnatha,Heterostraci,Indet. Pteraspidid,B,Emsian,15,Elliott & Ilyes 1996
Agnatha,Osteostraci,Yvonaspis,campbelltonensis,Emsian-Eifelian,44,Belles-Isles 1988
Agnatha,Osteostraci,Yvonaspis,westolli,Emsian-Eifelian,35,Belles-Isles 1988
Agnatha,Osteostraci,Parameteoraspis,moythomasi,Emsian-Eifelian,27,Belles-Isles 1988
Agnatha,Heterostraci,Pleurgaspis,macrorhyncha,Emsian,23,Obruchev 1967
Agnatha,Osteostraci,Nectaspis,areolata,Emsian,12,Obruchev 1967
Agnatha,Heterostraci,Lechriaspis,patula,Emsian,12,Elliott and Petriello 2011
Agnatha,Heterostraci,Cardipeltis,wallaci,Emsian,43,Denison 1966
Agnatha,Heterostraci,Protaspis,dorfi,Emsian,41,Bryant 1933
Agnatha,Heterostraci,Protaspis,bucheri,Emsian,24,Denison 1953
Agnatha,Osteostraci,Cephalaspis,wyomingensis,Emsian,30,Bryant 1933
Agnatha,Osteostraci,Cephalaspis,utahensis,Emsian,15,Elliott et al. 1999
Agnatha,Osteostraci,Cephalaspis,brevirostris,Emsian,20,Denison 1952
Agnatha,Heterostraci,Allocryptaspis,utahensis,Emsian,30,Denison 1953a
Agnatha,Heterostraci,Allocryptaspis,ellipticus,Emsian,25,Denison 1953a
Agnatha,Heterostraci,Clydonaspis,fabrensis,Emsian,25,Elliott 1994
Agnatha,Heterostraci,Oreaspis,dunklei,Emsian,19,Denison 1970
Agnatha,Heterostraci,Oreaspis,williamsi,Emsian,33,Denison 1970
Agnatha,Heterostraci,Tuberculaspis,elyensis,Emsian,11,Ilyes and Elliott 1994
Agnatha,Heterostraci,Pirumaspis,lancasteri,Emsian,28,Ilyes and Elliott 1994
Agnatha,Heterostraci,Lamiaspis,longiripa,Emsian,24,Ilyes and Elliott 1994
Agnatha,Osteostraci,Ilemoraspis,kirkinskayae,Emsian-Givetian,20,Sansom et al. 2008
Agnatha,Heterostraci,Tartuosteus,sp.,Eifelian-Givetian,200,Elliott et al. 2004
Agnatha,Heterostraci,Pycnosteus,sp.,Eifelian-Givetian,200,Elliott et al. 2004
Agnatha,Osteostraci,Balticaspis,latvica,Eifelian,5,Otto & Laurin 2001
Agnatha,Heterostraci,Psammosteus,praecursor,Eifelian-Frasnian,84,Elliott & Mark-Kurik 2005
Agnatha,Heterostraci,Psammosteus,livonicus,Eifelian-Givetian,74,Elliott & Mark-Kurik 2005
Agnatha,Heterostraci,Psammolepis,venyukovi,Eifelian-Givetian,79,Lebedev et al. 2009
Agnatha,Heterostraci,Psammolepis,proia,Eifelian-Givetian,101,Elliott & Mark-Kurik 2005
Agnatha,Heterostraci,Psammolepis,undulata,Eifelian-Givetian,56,Elliott & Mark-Kurik 2005
Agnatha,Galeaspida,Clarorbis,apponomedianus,Eifelian,20,Pan & Ji 1993
Agnatha,Heterostraci,Rhinopteraspis,cornubica,Eifelian,14,Tarlo 1961
Agnatha,Osteostraci,Trewinia,magnifica,Eifelian-Frasnian,60,Moy-Thomas & Miles 1971
Agnatha,Hyperoartii,Cornovichthys,blaauweni,Eifelian,12,Newman & Trewin 2001
Agnatha,Heterostraci,Psammosteus,bergi,Givetian,98,Elliott & Mark-Kurik 2005
Agnatha,Heterostraci,Schizosteus,shkurlatensis,Givetian,39,Moloshnikov 2009
Agnatha,Heterostraci,Tartuosteus,zhelezniogerskensis,Frasnian,56,Moloshnikov 2007
Agnatha,Osteostraci,Alaspis,rosamundae,Frasnian,180,Janvier & Arsenault 1996
Agnatha,Osteostraci,Escuminaspis,laticeps,Frasnian,38,Janvier et al. 2004
Agnatha,Heterostraci,Aspidosteus,heckeri,Frasnian,100,Obruchev 1967
Agnatha,Heterostraci,Obruchevia,heckleri,Frasnian,140,Elliott et al. 2004
Agnatha,Heterostraci,Perscheia,pulla,Frasnian,49,Elliott et al. 2004
Agnatha,Anaspida,Legendrelepis,parenti,Frasnian,8.5,Janvier 1996
Agnatha,Anaspida,Eupanerops,longaevus,Frasnian,10,Janvier 1996
Agnatha,Anaspida,Endeiolepis,aneri,Frasnian,16,Janvier 1996
Agnatha,Osteostraci,Levesquaspis,patteni,Frasnian,10,Robertson 1936
Chondrichthyes,Elasmobranchii,Antarctilamna,sp.,Pragian-Emsian,40,Long 2011
Chondrichthyes,NA,Stensioella,heintzi,Pragian-Emsian,22,Bartels et al. 1998
Chondrichthyes,Elasmobranchii,Doliodus,problematicus,Emsian,23,Miller et al. 2003
Chondrichthyes,NA,Zamponiopteron,spinifera,Emsian-Eifelian,43,Maisley & Janvier 2011
Chondrichthyes,NA,Pucapampella,rodrigae,Emsian-Eifelian,25,Janvier & Suarez-Riglos 1986
Chondrichthyes,NA,Pucapampella,sp.,Emsian-Eifelian,30,Maisley & Janvier 2011
Chondrichthyes,NA,Acmoniodus,clarkei,Frasnian,200,Hussakof and Bryant 1918
Chondrichthyes,NA,Cladoselache,acanthopterygius,Frasnian,68,Hussakof and Bryant 1918
Chondrichthyes,NA,Cladoselache,brachypterygius,Frasnian,69,Hussakof and Bryant 1918
Chondrichthyes,NA,Cladoselache,desmopterygius,Frasnian,29,Hussakof and Bryant 1918
Chondrichthyes,NA,Cladoselache,fyleri,Frasnian,39,Hussakof and Bryant 1918
Chondrichthyes,NA,Cladoselache,kepleri,Frasnian,160,Hussakof and Bryant 1918
Chondrichthyes,NA,Cladoides,wildungensis,Frasnian,50,Maisley 2005
Chondrichthyes,Elasmobranchii,Ctenacanthus,major,Frasnian-Visean,270,Maisley 1981
Chondrichthyes,Elasmobranchii,Ctenacanthus,chemungensis,Frasnian,76,Lelievre & Derycke 1998
Chondrichthyes,Elasmobranchii,Ctenacanthus,randalli,Frasnian,230,Eastman 1907
Chondrichthyes,NA,Gladbachus,adentadus,Frasnian,11,Ginter 2004
Chondrichthyes,NA,Rhynchodus,pertenius,Frasnian,110,Eastman 1907
Chondrichthyes,Elasmobranchii,Protacrodus,vetustus,Frasnian-Tournaisian,36,Zangerl 1981
Chondrichthyes,NA,Diademodus,hydei,Famennian,40,Harris 1951
Chondrichthyes,NA,Tamiobatis,vestustus,Famennian,120,Williams 1998
Chondrichthyes,Elasmobranchii,Ctenacanthus,compressus,Famennian-Tournaisian,140,Maisley 1981
Chondrichthyes,Elasmobranchii,Ctenacanthus,angustus,Famennian-Tournaisian,190,Lelievre & Derycke 1998
Chondrichthyes,Elasmobranchii,Ctenacanthus,nodocostatus,Famennian,130,Newberry 1889
Chondrichthyes,NA,Ageleodus,pectinatus,Famennian,50,Long 2011
Chondrichthyes,NA,Plesiosclachus,macracanthus,Famennian,16,Coates & Gess 2007
Chondrichthyes,NA,Tuberospina,nataliae,Famennian,82,Lebedev 1995
Chondrichthyes,NA,Thoralodus,cabrieri,Famennian,140,Vorobyeva and Obruchev 1967
Chondrichthyes,NA,Stethacanthus,sp.,Famennian,70,Zhao & Zhu 2010
Chondrichthyes,Elasmobranchii,"""Ctenacanthus""",vetustus,Famennian,180,Maisley 1981
Chondrichthyes,Elasmobranchii,Tristychius,arcuatus,Tournaisian-Serpukhovian,50,Zangerl 1981
Chondrichthyes,Elasmobranchii,Ctenacanthus,altoensis,Tournaisian,150,"Lund and Grogan, 2005"
Chondrichthyes,Elasmobranchii,Ctenacanthus,formosus,Tournaisian,270,Newberry 1873
Chondrichthyes,Elasmobranchii,Ctenacanthus,littoni,Tournaisian,290,Newberry 1889
Chondrichthyes,Elasmobranchii,Ctenacanthus,varians,Tournaisian,76,St. John & Worthen 1875
Chondrichthyes,Elasmobranchii,Ctenacanthus,keokuk,Tournaisian,190,Eastman 1902
Chondrichthyes,Elasmobranchii,Symmorium,sp.,Tournaisian-Visean,200,Zangerl 1981
Chondrichthyes,Elasmobranchii,Acondylacanthus,gracilis,Tournaisian,200,St. John & Worthen 1875
Chondrichthyes,Elasmobranchii,Anaclitacanthus,semicostatus,Tournaisian,120,St. John & Worthen 1875
Chondrichthyes,Elasmobranchii,Phoebodus,sp.,Tournaisian,70,Zangerl 1981
Chondrichthyes,Elasmobranchii,Sphenacanthus,marshi,Tournaisian,140,Newberry 1873
Chondrichthyes,Holocephali,Mazodus,kepleri,Tournaisian,34,Newberry 1889
Chondrichthyes,Symmorida,Denaea,sp.,Tournaisian-Serpukhovian,50,Zangerl 1981
Chondrichthyes,Holocephali,Helodus,coniculus,Tournaisian,45,Vorobyeva & Obruchev 1967
Chondrichthyes,Elasmobranchii,Eunemacanthus,krapivnensis,Tournaisian,52,Lebedev 1996
Chondrichthyes,Elasmobranchii,Xenacanthus,sp.,Tournaisian,200,Moy-Thomas 1971
Chondrichthyes,Holocephali,Physonemus,gemmatus,Tournaisian,200,Eastman 1917
Chondrichthyes,Elasmobranchii,Bythiacanthus,ianishevskyi,Tournaisian-Visean,80,Eastman 1902
Chondrichthyes,Elasmobranchii,Bythiacanthus,lucasi,Tournaisian,68,Eastman 1902
Chondrichthyes,Elasmobranchii,Bythiacanthus,solidus,Tournaisian,72,Eastman 1902
Chondrichthyes,Symmorida,Falcatus,falcatus,Tournaisian-Serpukhovian,30,Lund and Grogan 2005
Chondrichthyes,Elasmobranchii,Asteroptychius,elegans,Tournaisian,110,Newberry 1889
Chondrichthyes,Elasmobranchii,Wodnika?,triangularis,Tournaisian,80,Zangerl 1981
Chondrichthyes,Holocephali,Glymmatacanthus,irishii,Tournaisian,170,St. John & Worthen 1875
Chondrichthyes,Holocephali,Batacanthus,baculiformis,Tournasian,190,St. John & Worthen 1875
Chondrichthyes,Elasmobranchii,Goodrichthys,eksdalensis,Visean,90 or 200?,Zangerl 1981
Chondrichthyes,Elasmobranchii,Onychoselache,traquairi,Visean-Serpukhovian,15,Zangerl 1981
Chondrichthyes,Elasmobranchii,Sphenacanthus,serrulatus,Visean,230,Zangerl 1981
Chondrichthyes,Holocephali,Deltoptychius,armigerus,Visean-Serpukhovian,45,Moy-Thomas 1971
Chondrichthyes,Holocephali,Chondrenchelys,problematica,Visean,17,Coates Pers. Comm
Chondrichthyes,Elasmobranchii,Ctenacanthus,costellatus,Visean,90,Zangerl 1981
Chondrichthyes,Elasmobranchii,Ctenacanthus,denticulatus,Visean,76,Newberry 1873
Chondrichthyes,Holocephali,Eucentrurus,paradoxus,Visean,6,Stahl 1999
Chondrichthyes,Elasmobranchii,Cladodus,elegans,Visean,120,Ginter & Maisley 2007
Chondrichthyes,Symmorida,Stethacanthus,altonensis,Visean-Serpukhovian,150,Lund & Grogan 2005
Chondrichthyes,Elasmobranchii,Asteroptychius,semiornatus,Visean,52,McCoy 1854
Chondrichthyes,Elasmobranchii,Coelosteus,ferox,Visean,270,Newberry 1889
Chondrichthyes,Elasmobranchii,Cratoselache,pruvosti,Visean,73,Zangerl 1981
Chondrichthyes,Holocephali,Deltodus,croftoni,Visean,94,Woodward 1900
Chondrichthyes,Holocephali,Helodus,turgidus,Visean,45,Stahl 1999
Chondrichthyes,Holocephali,Physonemus,arcuatus,Visean,300,Newberry 1889
Chondrichthyes,Holocephali,Physonemus,altonensis,Visean,140,St. John & Worthen 1875
Chondrichthyes,Elasmobranchii,Psammodus,sp.,Visean,70,Gijon & Rodriguez 1991
Chondrichthyes,Holocephali,Erismacanthus,jonesi,Visean,83,Stahl 1999
Chondrichthyes,Holocephali,Erismacanthus,maccoyanus,Visean,25,Stahl 1999
Chondrichthyes,Holocephali,Erismacanthus,formosus,Visean,180,Stahl 1999
Chondrichthyes,Elasmobranchii,Amelacanthus,sulcatus,Visean,80,Maisley 1982
Chondrichthyes,Elasmobranchii,Amelacanthus,plicatus,Visean,64,Maisley 1982
Chondrichthyes,Elasmobranchii,Amelacanthus,laevis,Visean,87,Maisley 1982
Chondrichthyes,Elasmobranchii,Amelacanthus,pustulatus,Visean,57,Maisley 1982
Chondrichthyes,Elasmobranchii,Eunemacanthus,costatus,Visean,100,Maisley 1982
Chondrichthyes,Elasmobranchii,Eunemacanthus,heterogyrinus,Visean,87,Maisley 1982
Chondrichthyes,Elasmobranchii,Bythiacanthus,brevis,Visean,120,Maisley 1982
Chondrichthyes,Elasmobranchii,Bythiacanthus,vanhornei,Visean,80,Maisley 1982
Chondrichthyes,Elasmobranchii,Amacanthus,gibbosus,Visean,40,St. John & Worthen 1875
Chondrichthyes,Elasmobranchii,Geisacanthus,stellatus,Visean,40,St. John & Worthen 1875
Chondrichthyes,Holocephali,Stichacanthus,coemansi,Visean,25,Stahl 1999
Chondrichthyes,Symmorida,Akmoniston,zangerli,Serpukhovian,65,Coates & Sequiera 2001
Chondrichthyes,Holocephali,Deltoptychius,sp.,Serpukhovian,50,Frickhinger 1991
Chondrichthyes,Euchrondrocephalii,Gregorius,rexi,Serpukhovian,12,Lund & Grogan 2005
Chondrichthyes,Euchrondrocephalii,Srianta,dawsoni,Serpukhovian,23,Lund & Grogan 2005
Chondrichthyes,Euchrondrocephalii,Debeerius,ellefseni,Serpukhovian,30,Lund & Grogan 2005
Chondrichthyes,Elasmobranchii,Heteropetalus,elegantulus,Serpukhovian,7,Zangerl 1981
Chondrichthyes,Elasmobranchii,Belantsea,montana,Serpukhovian,28 or 67?,Lund & Grogan 2005
Chondrichthyes,Elasmobranchii,Janassa,bituminosa,Serpukhovian,26,Frickhinger 1991
Chondrichthyes,Elasmobranchii,Netsepoye,hawesi,Serpukhovian,5.5,Lund 1989
Chondrichthyes,Elasmobranchii,Petalorhyncus,beargulchensis,Serpukhovian,10,Lund 1989
Chondrichthyes,Elasmobranchii,Siksika,ottae,Serpukhovian,13,Lund 1989
Chondrichthyes,Holocephali,Harpacanthus,fimbriatus,Serpukhovian,20,Lund & Grogan 2005
Chondrichthyes,Chondrechelyiformes,Harpagofugator,volsellorhinus,Serpukhovian,17,Lund 1982
Chondrichthyes,Holocephali,Traquairius,agkistrocephalus,Serpukhovian,46,Lund & Grogan 2005
Chondrichthyes,Holocephali,Traquairius,spinosus,Serpukhovian,30,Lund & Grogan 2005
Chondrichthyes,Symmorida,Damocles,serratus,Serpukhovian,60,Lund & Grogan 2005
Chondrichthyes,Symmorida,Stethacanthus,productus,Serpukhovian,270,Lund & Grogan 2005
Chondrichthyes,Symmorida,Orestiacanthus,fergusi,Serpukhovian,20,Lund 1984
Chondrichthyes,Symmorida,Squatinactis,caudispinatus,Serpukhovian,15,Zangerl 1981
Chondrichthyes,Symmorida,Squatinactis,montanus,Serpukhovian,60,Lund & Grogan 2005
Chondrichthyes,Elasmobranchii,Thrinacoselache,gracia,Serpukhovian,90,Grogan & Lund 2008
Chondrichthyes,Elasmobranchii,Gutturensis,nielsoni,Serpukhovian,135,Sequeira and Coates 2000
Chondrichthyes,Elasmobranchii,Pleuracanthus,horridus,Serpukhovian,28,Traquair 1882
Chondrichthyes,Elasmobranchii,Pleuracanthus,gracilis,Serpukhovian,44,Traquair 1882
Chondrichthyes,Holocephali,Rainerichthys,zangerli,Serpukhovian,12.89,Grogan & Lund 2009
Chondrichthyes,Holocephali,Papillioninchthys,stahlae,Serpukhovian,10.31,Grogan & Lund 2009
Chondrichthyes,Holocephali,Helodus,simplex,Serpukhovian,45,Stahl 1999
Chondrichthyes,Holocephali,Deltodus,angularis,Serpukhovian,66,Stahl et al. 2000
Chondrichthyes,Elasmobranchii,Sphenacanthus,hybodoides,Serpukhovian,190,Maisley 1982
Chondrichthyes,Holocephali,Erismacanthus,sp.,Serpukhovian,12,Stahl 1999
Chondrichthyes,NA,unknown,sp. 1,Serpukhovian,12,Frickhinger 1991
Chondrichthyes,Holocephali,unknown,sp. 2,Serpukhovian,10,Lund & Grogan 2005
Chondrichthyes,Holocephali,unknown,sp. 3,Serpukhovian,10,Lund & Grogan 2005
Chondrichthyes,NA,COCH 1,sp.,Serpukhovian,15,Stahl 1999
Chondrichthyes,Holocephali,Lestrodus,newtoni,Serpukhovian,300,Zangerl 1981
Placodermi,Arthrodira,Kujdanwiaspis,podolica,Lochkovian-Pragian,15,Dupret et al. 2011
Placodermi,Arthrodira,Wheathillaspis,wickhamkingi,Lochkovian,20,Denison 1978
Placodermi,Arthrodira,Heightingtonaspis,anglica,Lochkovian,30,Denison 1978
Placodermi,Arthrodira,Heightingtonaspis,willsi,Lochkovian,50,Denison 1978
Placodermi,Arthrodira,Heightingtonaspis,clarkei,Lochkovian,20,Denison 1978
Placodermi,Arthrodira,Erikaspis,zychi,Lochkovian,50,Dupret et al. 2011
Placodermi,Arthrodira,Palaeacanthaspis,vasta,Lochkovian,20,Dupret et al. 2011
Placodermi,Acanthothoraci,Hagiangella,goujeti,Lochkovian,7,Wang et al. 2010
Placodermi,Antiarcha,Minicrania,lissa,Lochkovian,8,Wang et al. 2010
Placodermi,Antiarcha,Chuchinolepis,dongmoensis,Lochkovian,6,Wang et al. 2010
Placodermi,Antiarcha,Yunnanolepis,bacboensis,Lochkovian,14,Wang et al. 2010
Placodermi,Antiarcha,Yunnanolepis,chii,Lochkovian,18,Zhao & Zhu 2010
Placodermi,Antiarcha,Yunnanolepis,porifera,Lochkovian,7,Zhu 1996
Placodermi,Antiarcha,Heteroyunnanolepis,qujingensis,Lochkovian,22,Zhu 1996
Placodermi,Antiarcha,Chuchinolepis,gracilis,Lochkovian,6,Zhu 1996
Placodermi,Antiarcha,Zhanjilepis,aspriatilis,Lochkovian,6,Zhu 1996
Placodermi,Antiarcha,Minicrania,lirouyii,Lochkovian,4.5,Zhu & Janvier 1996
Placodermi,Petalichthyida,Diandongpetalichthys,liaojaoshanensis,Lochkovian,10,Zhu 1991
Placodermi,Arthrodira,Szelepis,yunnanensis,Lochkovian-Pragian,30,Liu 1979
Placodermi,Antiarcha,Phymolepis,cuifengshanensis,Lochkovian,8,Zhu 1996
Placodermi,Antiarcha,Phymolepis,guoruii,Lochkovian,22,Zhu 1996
Placodermi,Antiarcha,Chuchinolepis,qujingensis,Lochkovian,10,Zhu 1996
Placodermi,Antiarcha,Chuchinolepis,sulcata,Lochkovian,17,Zhu 1996
Placodermi,Antiarcha,Chuchinolepis,robusta,Lochkovian,7,Zhu 1996
Placodermi,Antiarcha,Gavinaspis,convergens,Lochkovian,38,Zhao & Zhu 2010
Placodermi,Antiarcha,Eskimaspis,heintzi,Lochkovian,23,Dineley & Liu 1984
Placodermi,Antiarcha,Baringaspis,dineleyi,Lochkovian,49,Miles 1973
Placodermi,Antiarcha,Yunnanolepis,meemannae,Pragian,29,Thanh & Janvier 1994
Placodermi,Arthrodira,Yujiangolepis,suni,Pragian,25,Zhu et al. 2010
Placodermi,Petalichthyida,Neopetalichthys,yenmenpaensis,Pragian,18,Liu 1973
Placodermi,Arthrodira,Yiminaspis,shenme,Pragian,12,Dupret 2008
Placodermi,Antiarcha,Mizia,longhuanensis,Pragian,6.5,Zhu 1996
Placodermi,Arthrodira,Kujdanwiaspis,buczacziensis,Pragian,30,Dupret 2010
Placodermi,Arthrodira,Radontina,prima,Pragian,40,Denison 1978
Placodermi,Arthrodira,Radontina,tessellata,Pragian,28,Denison 1978
Placodermi,Arthrodira,Arabosteus,variabilis,Pragian,23,Olive et al. 2011
Placodermi,Arthrodira,Eukaia,elongata,Pragian,44,Mark-Kurik 2013
Placodermi,Arthrodira,Tityosteus,rieversi,Pragian,200,Bartels et al. 1998
Placodermi,Arthrodira,Lunaspis,heroldi,Pragian,15,Bartels et al. 1998
Placodermi,Arthrodira,Lunaspis,broilii,Pragian,45,Bartels et al. 1998
Placodermi,Arthrodira,Gemuendina,stuertzi,Pragian,100,Bartels et al. 1998
Placodermi,Arthrodira,Proaethaspis,ohioensis,Pragian,12,Denison 1960
Placodermi,Arthrodira,Kueichowlepis,sinensis,Emsian,48,Liu 1979
Placodermi,Antiarcha,Dayaoshania,youngi,Emsian,18,Ritchie et al. 1992
Placodermi,Arthrodira,Jiuchengia,longoccipita,Emsian-Givetian,110,Wang & Wang 1983
Placodermi,Arthrodira,Exutaspis,megista,Emsian-Givetian,67,Lin & Wang 1981
Placodermi,Arthrodira,Xiangshuiosteus,wui,Emsian,31,Wang 1992
Placodermi,Antiarcha,Liguanolepis,pileos,Emsian,6.7,Zhang & Young 1992
Placodermi,Antiarcha,Wudinolepis,weni,Emsian,4.9,Zhang 1965
Placodermi,Antiarcha,Microbranchius,chuandongensis,Emsian,26,Zhao & Zhu 2010
Placodermi,Antiarcha,Xichonolepis,qujingensis,Emsian-Eifelian,70,Ritchie et al. 1992
Placodermi,Antiarcha,Bothriolepis,tungseni,Emsian-Eifelian,29,Zhang 1965
Placodermi,Arthrodira,Groenlandaspis,sp.,Emsian-Eifelian,25,Dineley 1999
Placodermi,Arthrodira,Taemosteus,novaustrocambricus,Emsian,140,Young 2004
Placodermi,Antiarcha,Bothriolepis,sp.,Emsian,50,Frickhinger 1991
Placodermi,Petalichthyida,Notopetalichthys,hillsi,Emsian,33,Denison 1978
Placodermi,Arthrodira,Goodradigbeeon,australiensis,Emsian,150,White 1978
Placodermi,Arthrodira,Coccosteus,sp.,Emsian,40,Frickhinger 1991
Placodermi,Arthrodira,Edgellaspis,gorteri,Emsian-Eifelian,34,Hunt and Young 2011
Placodermi,Arthrodira,Dhanguura,johnstoni,Emsian,230,Young 2004
Placodermi,Arthrodira,Cathlesichthys,weejasperensis,Emsian,270,Young 2004
Placodermi,Arthrodira,Weejasperensis,gavini,Emsian,20,White 1978
Placodermi,Arthrodira,Burrinjucosteus,asymmetricus,Emsian,94,White 1978
Placodermi,Arthrodira,Buchanosteus,confertituberculatus,Emsian,74,Young 1979
Placodermi,Arthrodira,Arenipiscis,westolli,Emsian,87,Young 1981
Placodermi,Arthrodira,Errolosteus,goodragibeensis,Emsian,77,Young 1981
Placodermi,Arthrodira,Elvaspis,tuberculata,Emsian,15,Young 2009
Placodermi,Arthrodira,Elvaspis,whitei,Emsian,11,Young 2009
Placodermi,Arthrodira,Bimbianga,burrinjuckensis,Emsian,130,Young 2005
Placodermi,Petalichthyida,Wijdeaspis,warrooensis,Emsian,20,Denison 1978; Young 1978
Placodermi,Arthrodira,Nefundia,qalibahensis,Emsian,51,Lelievre et al. 1985
Placodermi,Arthrodira,Aleosteus,eganensis,Emsian,18,Johnson et al. 2000
Placodermi,Arthrodira,Anarthraspis,montana,Emsian,69,Bryant & Ruedemann 1934
Placodermi,Arthrodira,Bryantolepis,brachycephala,Emsian,14,Elliott & Carr 2010
Placodermi,Arthrodira,Bryantolepis,williamsi,Emsian,22,Elliott & Carr 2010
Placodermi,Arthrodira,Simblaspis,cachensis,Emsian,47,Denison 1953b
Placodermi,Arthrodira,Aethaspis,major,Emsian,59,Denison 1953b
Placodermi,Arthrodira,Aethaspis,utahensis,Emsian,31,Denison 1953b
Placodermi,Arthrodira,Atlantidosteus,pacifica,Eifelian,500,Young 2003
Placodermi,Arthrodira,Coccosteus,cuspidatus,Eifelian-Givetian,40,Denison 1978
Placodermi,Antiarcha,Sherbonaspis,andreannae,Eifelian-Givetian,20,Pateleyev 1993
Placodermi,Rhenanida,Bolivosteus,chacomensis,Eifelian,8,Maisley & Janvier 2011
Placodermi,Arthrodira,Holonema,sp.,Eifelian,19,Rade 1964
Placodermi,Antiarcha,Byssacanthus,dilatatus,Eifelian-Frasnian,30,Denison 1978
Placodermi,Antiarcha,Asterolepis,estonica,Eifelian,50,Denison 1978
Placodermi,Arthrodira,Homosteus,sp.,Eifelian,120,Dineley 1999
Placodermi,Arthrodira,Homosteus,milleri,Eifelian,170,Denison 1978
Placodermi,Arthrodira,Homosteus,sulcatus,Eifelian,21,Mark-Kurik 1993
Placodermi,Arthrodira,Actinolepis,magna,Eifelian-Givetian,99,Denison 1978
Placodermi,Arthrodira,Actinolepis,tuberculata,Eifelian-Givetian,56,Denison 1978
Placodermi,Arthrodira,Actinolepis,sp.,Eifelian,34,Newman & Trewin 2008
Placodermi,Arthrodira,Hybosteus,mirabilis,Eifelian-Givetian,97,Denison 1978
Placodermi,Arthrodira,Luetkeichthys,borealis,Eifelian,100,Denison 1978
Placodermi,Petalichthyida,Wijdeaspis,arctica,Eifelian,33,Denison 1978; Young 1978
Placodermi,Arthrodira,Heterosteus,asmussi,Eifelian,600,Denison 1978
Placodermi,Arthrodira,Dickosteus,threiplandi,Eifelian-Givetian,50,Denison 1978
Placodermi,Arthrodira,Carolowilhemina,geognostica,Eifelian,300,Mark-Kurik & Carls 2002
Placodermi,Antiarcha,Pterichthyodes,milleri,Eifelian-Givetian,25,Denison 1978
Placodermi,Ptyctodontida,Rhamphodopsis,threiplandi,Eifelian-Frasnian,8.8,Dineley 1999
Placodermi,Ptyctodontida,Goniosteus,gerolsteinensis,Eifelian-Givetian,35,Denison 1978
Placodermi,Antiarcha,Wurungulepis,denisoni,Eifelian,36,Young 1990
Placodermi,Ptyctodontida,Palaeospondylus,gunni,Eifelian-Givetian,29,Sollas & Sollas 1904
Placodermi,Antiarcha,Bothriolepis,sinensis,Eifelian-Givetian,20,Zhang 1965
Placodermi,Antiarcha,Bothriolepis,niushoushanensis,Eifelian,33,Zhao & Zhu 2010
Placodermi,Antiarcha,Hunanolepis,xiui,Eifelian,50,Zhao & Zhu 2010
Placodermi,Antiarcha,Yangaspis,jinningensis,Eifelian-Givetian,160,Lin & Wang 1981
Placodermi,Petalichthyida,Quasipetalichthys,haikouensis,Eifelian-Givetian,58,Denison 1978
Placodermi,Petalichthyida,Guangxipetalichthys,tiaomajianensis,Eifelian,18,Ji & Pan 1997
Placodermi,Petalichthyida,Guangxipetalichthys,bobaiensis,Eifelian,28,Ji & Pan 1997
Placodermi,Antiarcha,Dianolepis,liui,Eifelian-Givetian,50,Zhang 1965
Placodermi,Antiarcha,Thursius,wudingensis,Eifelian,29,Fan 1992
Placodermi,Antiarcha,Microbranchius,sinensis,Eifelian,5,Pan 1984
Placodermi,Ptyctodontida,Desmoporella,minor,Givetian,15,Denison 1978
Placodermi,Ptyctodontida,Palaeomylus,greenei,Givetian,230,Denison 1978
Placodermi,Ptyctodontida,Palaeomylus,fragens,Givetian,270,Denison 1978
Placodermi,Ptyctodontida,Ptyctodus,calceolus,Givetian,80,Denison 1978
Placodermi,Ptyctodontida,Ptyctodus,ferox,Givetian,250,Denison 1978
Placodermi,Ptyctodontida,Rhynchodus,excavatus,Givetian,80,Denison 1978
Placodermi,Ptyctodontida,Rhynchodus,rostratus,Givetian,96,Denison 1978
Placodermi,Petalichthyida,Ellopetalichthys,scheii,Givetian,18,Denison 1978
Placodermi,Arthrodira,Deirosteus,omaliusii,Givetian-Famennian,200,Wells 1942
Placodermi,Arthrodira,Eastmanosteus,pustulosus,Givetian-Frasnian,170,Denison 1978
Placodermi,Arthrodira,Eastmanosteus,yunnanensis,Givetian,110,Denison 1978
Placodermi,Arthrodira,Holonema,farrowi,Givetian,96,Denison 1978
Placodermi,Arthrodira,Kiangyousteus,yohii,Givetian,120,Denison 1978
Placodermi,Arthrodira,Rhenonema,eifelense,Givetian,300,Denison 1978
Placodermi,Arthrodira,Tropidosteus,curvatus,Givetian,210,Denison 1978
Placodermi,Antiarcha,Grossaspis,carinata,Givetian,32,Denison 1978
Placodermi,Antiarcha,Microbranchius,dicki,Givetian,6,Frickhinger 1991
Placodermi,Arthrodira,Watsonosteus,fletti,Givetian-Frasnian,58,Frickhinger 1991
Placodermi,Arthrodira,Groenlandaspis,antarcticus,Givetian,70,Ritchie 1975
Placodermi,Arthrodira,Groenlandaspis,sp.,Givetian,60,Ritchie 1975
Placodermi,Phyllolepid,Antarctaspis,mcmurdoensis,Givetian,40,Denison 1978
Placodermi,Phyllolepid,New phlyctaeniid,sp.,Givetian,30,Young & Long 2005
Placodermi,Arthrodira,Antarctolepis,gunni,Givetian,45,Denison 1978
Placodermi,Antiarcha,Bothriolepis,perija,Givetian,24,Young & Moody 2002
Placodermi,Antiarcha,Bothriolepis,gippslandensis,Givetian,43,Long 1983
Placodermi,Antiarcha,Bothriolepis,cullodensis,Givetian,50,Long 1983
Placodermi,Antiarcha,Bothriolepis,bindareei,Givetian,15,Long 1983
Placodermi,Antiarcha,Bothriolepis,fergusoni,Givetian,30,Long 1983
Placodermi,Antiarcha,Bothriolepis,warreni,Givetian,11,Long 1983
Placodermi,Antiarcha,Bothriolepis,kassini,Givetian,22,Moloshnikov 2010
Placodermi,Antiarcha,Bothriolepis,babichevi,Givetian,37,Moloshnikov 2010
Placodermi,Antiarcha,Bothriolepis,askinae,Givetian,54,Young 1988
Placodermi,Antiarcha,Bothriolepis,antarctica,Givetian,7.9,Young 1988
Placodermi,Antiarcha,Bothriolepis,portalensis,Givetian,67,Young 1988
Placodermi,Antiarcha,Bothriolepis,alexi,Givetian,45,Young 1988
Placodermi,Antiarcha,Bothriolepis,karawaka,Givetian,45,Young 1988
Placodermi,Antiarcha,Bothriolepis,macphersoni,Givetian,50,Young 1988
Placodermi,Antiarcha,Bothriolepis,vuwae,Givetian,50,Young 1988
Placodermi,Antiarcha,Bothriolepis,barretti,Givetian,30,Young 1988
Placodermi,Antiarcha,Bothriolepis,curonica,Givetian-Frasnian,82,Luksevics 2001
Placodermi,Arthrodira,Angarichthys,hyperboreus,Givetian,230,Denison 1978
Placodermi,Antiarcha,Asterolepis,clarkei,Givetian,10,Denison 1978
Placodermi,Antiarcha,Asterolepis,thule,Givetian,32,Denison 1978
Placodermi,Antiarcha,Asterolepis,orcadensis,Givetian-Frasnian,190,Denison 1978
Placodermi,Antiarcha,Asterolepis,dellei,Givetian,28,Denison 1978
Placodermi,Antiarcha,Asterolepis,scabra,Givetian,40,Denison 1978
Placodermi,Arthrodira,Belgiosteus,mortelmansi,Givetian,360,Denison 1978
Placodermi,Arthrodira,Livosteus,grandis,Givetian,210,Denison 1978
Placodermi,Arthrodira,Protitanichthys,rockportensis,Givetian,110,Denison 1978
Placodermi,Antiarcha,Gerdalepis,rhenana,Givetian,27,Denison 1978
Placodermi,Antiarcha,Gerdalepis,dohmi,Givetian-Frasnian,69,Denison 1978
Placodermi,Antiarcha,Venezuelepis,antarctica,Givetian,14,Young & Moody 2002
Placodermi,Antiarcha,Venezuelepis,mingi,Givetian,15,Young & Moody 2002
Placodermi,Phyllolepid,Placolepis,harjica,Givetian,27,Young 2005
Placodermi,Phyllolepid,Placolepis,tingeyi,Givetian,110,Young & Long 2005
Placodermi,Arthrodira,Beyrichosteus,radiatus,Givetian,52,Otto 2005
Placodermi,Phyllolepid,Cowralepis,mclachlani,Givetian,10.5,Carr et al. 1990
Placodermi,Ptyctodontida,Ptyctodopsis,menzeli,Givetian,7,Denison 1985
Placodermi,Phyllolepid,Austrophyllolepis,quiltyi,Givetian,22,Young & Long 2005
Placodermi,Phyllolepid,Austrophyllolepis,ritchiei,Givetian,25,Young & Long 2005
Placodermi,Phyllolepid,Austrophyllolepis,youngi,Givetian,20,Young & Long 2005
Placodermi,Arthrodira,Boomeraspis,goujeti,Givetian,55,Long 1995
Placodermi,Arthrodira,Pluordosteus,livonicus,Givetian-Frasnian,73,Denison 1978
Placodermi,Arthrodira,Pluordosteus,panderi,Givetian-Frasnian,170,Denison 1978
Placodermi,Antiarcha,Grossilepis,spinosa,Givetian,21,Luksevics 2001
Placodermi,Antiarcha,Taenolepis,speciosa,Givetian,37,Denison 1978
Placodermi,Phyllolepid,Cobranrahlepis,petyrwardi,Givetian-Frasnian,22,Young 2005
Placodermi,Phyllolepid,Yurammia,browni,Givetian-Frasnian,16,Young 2005
Placodermi,Antiarcha,Vukhulepis,lyhoaensis,Givetian,10,Janvier et al. 1997
Placodermi,Antiarcha,Vietnamaspis,trii,Givetian,40,Long et al. 1990
Placodermi,Arthrodira,Yinosteus,major,Givetian,18,Wang & Wang 1984
Placodermi,Arthrodira,Panxiosteus,oculus,Givetian-Frasnian,38,Wang 1979
Placodermi,Antiarcha,Lepadolepis,stensioei,Givetian-Frasnian,37,Denison 1978
Placodermi,Antiarcha,Asterolepis,ornata,Givetian-Frasnian,49,Denison 1978
Placodermi,Petalichthyida,Epipetalichthys/Desmoporella,minor,Givetian,11,Denison 1978
Placodermi,Arthrodira,Clarkosteus,halmodeus,Givetian-Frasnian,57,Denison 1978
Placodermi,Antiarcha,Nawagiaspis,wadeae,Givetian,31,Young 1990
Placodermi,Antiarcha,Asperaspis,carinata,Givetian,30,Panteleyev 1993
Placodermi,Antiarcha,Stegolepis,jugata,Givetian-Frasnian,34,Denison 1978
Placodermi,Antiarcha,Tenizolepis,asiatica,Givetian-Frasnian,69,Moloshnikov 2010
Placodermi,Antiarcha,Tenizolepis,rara,Givetian-Frasnian,31,Moloshnikov 2011
Placodermi,Arthrodira,Dinichthys,ohioensis,Givetian,72,Skeels 1962
Placodermi,Ptyctodontida,Gamphacanthus,politus,Givetian,180,Eastman 1907
Placodermi,Ptyctodontida,Acantholepis,pustulosus,Givetian,93,Newberry 1889
Placodermi,Ptyctodontida,Acantholepis,fragilis,Givetian,210,Eastman 1907
Placodermi,Ptyctodontida,Ctenurella,gladbachensis,Frasnian,18,Denison 1978
Placodermi,Ptyctodontida,Denisonodus,plutonensis,Frasnian,28,Johnson & Elliott 1996
Placodermi,Rhenanida,Jagorina,pandora,Frasnian,37,Denison 1978
Placodermi,Ptyctodontida,Palaeomylus,hussakofi,Frasnian,230,Denison 1978
Placodermi,Ptyctodontida,Palaeomylus,lunaeformis,Frasnian,150,Denison 1978
Placodermi,Ptyctodontida,Palaeomylus,minor,Frasnian,48,Denison 1978
Placodermi,Ptyctodontida,Ptyctodus,bradyi,Frasnian,32,Denison 1978
Placodermi,Ptyctodontida,Ptyctodus,czarnockii,Frasnian,110,Denison 1978
Placodermi,Ptyctodontida,Ptyctodus,kielcensis,Frasnian,63,Denison 1978
Placodermi,Ptyctodontida,Rhynchodus,marginalis,Frasnian,96,Denison 1978
Placodermi,Ptyctodontida,Rhynchodus,tetradon,Frasnian,63,Denison 1978
Placodermi,Petalichthyida,Epipetalichthys,wildungensis,Frasnian,48,Denison 1978
Placodermi,Arthrodira,Aspidichthys,clavatus,Frasnian,200,Denison 1978
Placodermi,Arthrodira,Aspidichthys,ingens,Frasnian,190,Denison 1978
Placodermi,Arthrodira,Belosteus,elegans,Frasnian,68,Denison 1978
Placodermi,Arthrodira,Brachydeirus,carinatus,Frasnian,65,Denison 1978
Placodermi,Arthrodira,Brachydeirus,bicarinatus,Frasnian,48,Denison 1978
Placodermi,Arthrodira,Brachydeirus,gracilis,Frasnian,33,Denison 1978
Placodermi,Arthrodira,Brachydeirus,grandis,Frasnian,110,Denison 1978
Placodermi,Arthrodira,Brachydeirus,minor,Frasnian,40,Denison 1978
Placodermi,Arthrodira,Brachyosteus,deitrichi,Frasnian,27,Denison 1978
Placodermi,Arthrodira,Braunosteus,schmidti,Frasnian,50,Denison 1978
Placodermi,Arthrodira,Bruntonichthys,multidens,Frasnian,48,Dennis & Miles 1979
Placodermi,Arthrodira,Bullerichthys,fascidens,Frasnian,44,Dennis & Miles 1979
Placodermi,Arthrodira,Callognathus,regularis,Frasnian-Famennian,50,Denison 1978
Placodermi,Arthrodira,Camuropiscus,concinnus,Frasnian,32,Dennis & Miles 1979
Placodermi,Arthrodira,Camuropiscus,laidlowi,Frasnian,15,Dennis & Miles 1979
Placodermi,Arthrodira,Copanognathus,crassus,Frasnian,200,Denison 1978
Placodermi,Arthrodira,Cyrtosteus,inflatus,Frasnian,21,Denison 1978
Placodermi,Arthrodira,Dinichthys,herzeri,Frasnian,700,Denison 1978
Placodermi,Arthrodira,Dinomylostoma,beecheri,Frasnian,130,Denison 1978
Placodermi,Arthrodira,Dinomylostoma,eastmani,Frasnian-Famennian,72,Denison 1978
Placodermi,Arthrodira,Dunkleosteus,magnificus,Frasnian,340,Denison 1978
Placodermi,Arthrodira,Dunkleosteus,newberryi,Frasnian,350,Eastman 1907
Placodermi,Arthrodira,Eastmanosteus,calliaspis,Frasnian,89,Long and Trinajstic 2010
Placodermi,Arthrodira,Eldenosteus,arizonensis,Frasnian,360,Denison 1978
Placodermi,Arthrodira,Enseosteus,jaekeli,Frasnian,32,Denison 1978
Placodermi,Arthrodira,Enseosteus,hermanni,Frasnian,27,Denison 1978
Placodermi,Arthrodira,Enseosteus,pachyostiodes,Frasnian,27,Denison 1978
Placodermi,Arthrodira,Enseosteus,marocanensis,Frasnian,25,Ruecklin 2011
Placodermi,Arthrodira,Erromenosteus,lucifer,Frasnian,76,Denison 1978
Placodermi,Arthrodira,Erromenosteus,brachyrostris,Frasnian,32,Denison 1978
Placodermi,Arthrodira,Erromenosteus,concavus,Frasnian,71,Denison 1978
Placodermi,Arthrodira,Erromenosteus,diensti,Frasnian,64,Denison 1978
Placodermi,Arthrodira,Erromenosteus,inflatus,Frasnian,43,Denison 1978
Placodermi,Arthrodira,Erromenosteus,koeneni,Frasnian,300,Denison 1978
Placodermi,Arthrodira,Fallacosteus,turnerae,Frasnian,36,Long 1990
Placodermi,Arthrodira,Hadrosteus,rapax,Frasnian,86,Denison 1978
Placodermi,Arthrodira,Harrytoombsia,sp.,Frasnian,53,Long 1990
Placodermi,Arthrodira,Heinzichthys,ringueberryi,Frasnian,53,Denison 1978
Placodermi,Arthrodira,Holonema,westolli,Frasnian,88,Denison 1978
Placodermi,Arthrodira,Holonema,radiatum,Frasnian,150,Denison 1978
Placodermi,Arthrodira,Holonema,rugosum,Frasnian,88,Denison 1978
Placodermi,Arthrodira,Kendrichthys,cavernosus,Frasnian,85,Dennis & Miles 1980
Placodermi,Arthrodira,Kimberia,whybrowi,Frasnian,71,Dennis-Bryan & Miles 1983
Placodermi,Arthrodira,Kimberia,bispicatus,Frasnian,110,Dennis-Bryan & Miles 1983
Placodermi,Arthrodira,Leptosteus,bickensis,Frasnian,36,Denison 1978
Placodermi,Arthrodira,Leptosteus,involutus,Frasnian,30,Denison 1978
Placodermi,Arthrodira,Machaerognathus,woodwardi,Frasnian,210,Denison 1978
Placodermi,Arthrodira,Malerosteus,gorizdroae,Frasnian,110,Denison 1978
Placodermi,Arthrodira,Microsteus,dubius,Frasnian,27,Denison 1978
Placodermi,Arthrodira,Pachyosteus,bulla,Frasnian-Famennian,54,Denison 1978
Placodermi,Arthrodira,Parabelosteus,pusillus,Frasnian,32,Denison 1978
Placodermi,Arthrodira,Parabelosteus,acuticeps,Frasnian,32,Denison 1978
Placodermi,Arthrodira,Pholidosteus,friedeli,Frasnian,40,Denison 1978
Placodermi,Arthrodira,Pluordosteus,sp.,Frasnian,100,Denison 1978
Placodermi,Arthrodira,Pluordosteus,canadensis,Frasnian,87,Denison 1978
Placodermi,Arthrodira,Pluordosteus,mironovi,Frasnian,59,Denison 1978
Placodermi,Arthrodira,Pluordosteus,trautscholdi,Frasnian,65,Denison 1978
Placodermi,Arthrodira,Pluordosteus,timanicus,Frasnian-Famennian,87,Denison 1978
Placodermi,Arthrodira,Rachiosteus,pterygiats,Frasnian,100,Denison 1978
Placodermi,Arthrodira,Rhinosteus,traquairi,Frasnian,60,Denison 1978
Placodermi,Arthrodira,Rhinosteus,parvulus,Frasnian,32,Denison 1978
Placodermi,Arthrodira,Rhinosteus,tuberculatus,Frasnian,81,Denison 1978
Placodermi,Arthrodira,Rolfosteus,canningensis,Frasnian,46,Dennis & Miles 1979
Placodermi,Arthrodira,Synauchernia,coalescens,Frasnian,25,Denison 1978
Placodermi,Arthrodira,Trematosteus,fontanellus,Frasnian,22,Denison 1978
Placodermi,Arthrodira,Tapinosteus,heintzi,Frasnian,24,Denison 1978
Placodermi,Arthrodira,Timanosteus,techernychevi,Frasnian,72,Denison 1978
Placodermi,Arthrodira,Torosteus,tuberculatus,Frasnian,40,Gardiner & Miles 1990
Placodermi,Arthrodira,Torosteus,pulchellus,Frasnian,31,Dennis & Miles 1979
Placodermi,Arthrodira,Tubonasis,lennardensis,Frasnian,32,Dennis & Miles 1979
Placodermi,Antiarcha,Bothriolepis,prima,Frasnian,17,Luksevics 2001
Placodermi,Antiarcha,Bothriolepis,obrutschewi,Frasnian,29,Luksevics 2001
Placodermi,Antiarcha,Bothriolepis,cellulosa,Frasnian,66,Luksevics 2001
Placodermi,Antiarcha,Bothriolepis,panderi,Frasnian,43,Luksevics 2001
Placodermi,Antiarcha,Bothriolepis,traudscholi,Frasnian,48,Luksevics 2001
Placodermi,Antiarcha,Bothriolepis,maxima,Frasnian,170,Luksevics 2001
Placodermi,Antiarcha,Bothriolepis,evaldi,Frasnian,17,Luksevics 2001
Placodermi,Antiarcha,Bothriolepis,leptocheira,Frasnian-Famennian,82,Luksevics 2001
Placodermi,Antiarcha,Bothriolepis,canadensis,Frasnian,46,Werdelin & Long 1986
Placodermi,Antiarcha,Bothriolepis,favosa,Frasnian,56,Denison 1978
Placodermi,Antiarcha,Bothriolepis,hayi,Frasnian-Famennian,51,Denison 1978
Placodermi,Antiarcha,Bothriolepis,major,Frasnian,41,Denison 1978
Placodermi,Antiarcha,Bothriolepis,obesa,Frasnian-Famennian,66,Denison 1978
Placodermi,Antiarcha,Bothriolepis,taylori,Frasnian,61,Denison 1978
Placodermi,Antiarcha,Bothriolepis,wilsoni,Frasnian-Famennian,72,Denison 1978
Placodermi,Antiarcha,Bothriolepis,sanzarensis,Frasnian,76,Moloshnikov 2010
Placodermi,Antiarcha,Bothriolepis,volongensis,Frasnian,48,Denison 1978
Placodermi,Antiarcha,Asterolepis,chadwicki,Frasnian,57,Denison 1978
Placodermi,Antiarcha,Asterolepis,savesoederberghi,Frasnian,49,Denison 1978
Placodermi,Antiarcha,Asterolepis,maxima,Frasnian-Famennian,98,Denison 1978
Placodermi,Arthrodira,Neophlyctenius,sherwoodi,Frasnian,50,Denison 1978
Placodermi,Antiarcha,Grossilepis,tuberculata,Frasnian,26,Luksevics 2001
Placodermi,Arthrodira,Walterosteus,lelievrei,Frasnian,29,Ruecklin 2011
Placodermi,Arthrodira,Omalosteus,krutoensis,Frasnian,65,Zakharenko 2007
Placodermi,Ptyctodontida,Materpiscis,attenboroughi,Frasnian,18.7,Long et al. 2009
Placodermi,Arthrodira,Mcnamaraspis,kaprios,Frasnian,35,Long and Trinajstic 2010
Placodermi,Arthrodira,Simosteus,tuberculatus,Frasnian,68,Dennis & Miles 1982
Placodermi,Arthrodira,Compagopiscis,croucheri,Frasnian,36,Gardiner & Miles 1994
Placodermi,Arthrodira,Golshanichthys,asiatica,Frasnian,140,Long 1987
Placodermi,Arthrodira,Gogopiscus,gracilis,Frasnian,35,Gardiner & Miles 1994
Placodermi,Arthrodira,Gogosteus,sarahae,Frasnian,44,Long 1994
Placodermi,Arthrodira,Pinguosteus,thulborni,Frasnian,48,Long 1990
Placodermi,Arthrodira,Stenosteus,pertensis,Frasnian,73,Denison 1978
Placodermi,Petalichthyida,Changyanophyton,hupeiense,Frasnian,30,Denison 1978
Placodermi,Phyllolepid,Placolepis,budawangensis,Frasnian,8.3,Young et al. 2000
Placodermi,Arthrodira,Deirosteus,abbreviata,Frasnian,190,Denison 1978
Placodermi,Antiarcha,Pambulaspis,cobandraensis,Frasnian,44,Young 1983
Placodermi,Arthrodira,Cosmacanthus,malcolmsoni,Frasnian,150,Newman 2005
Placodermi,Arthrodira,Draconichthys,elegans,Frasnian,64,Ruecklin 2011
Placodermi,Arthrodira,Dinicthydae,indet.,Frasnian,68,Lelievre 1981
Placodermi,Ptyctodontida,Chelyophorous,verneuli,Famennian,10,Denison 1978
Placodermi,Ptyctodontida,Ptyctodus,major,Famennian,160,Denison 1978
Placodermi,Arthrodira,Africanaspis,doryssa,Famennian,37,Long et al. 1997
Placodermi,Arthrodira,Bungartius,perissus,Famennian,200,Denison 1978
Placodermi,Arthrodira,Diplognathus,mirabilis,Famennian,540,Denison 1978
Placodermi,Arthrodira,Diplognathus,lafargei,Famennian,44,Carr & Jackson 2005
Placodermi,Arthrodira,Dunkleosteus,terrelli,Famennian,800,Denison 1978
Placodermi,Arthrodira,Dunkleosteus,denisoni,Famennian,52,Kulczycki 1957
Placodermi,Arthrodira,Dunkleosteus,missouriensis,Famennian,190,Branson 1914
Placodermi,Arthrodira,Dunkleosteus,marsaisi,Famennian,190,Denison 1978
Placodermi,Arthrodira,Eastmanosteus,tubercultatus,Famennian,120,Dennis-Bryan 1987
Placodermi,Arthrodira,Glyptaspis,verrucosa,Famennian,800,Denison 1978
Placodermi,Arthrodira,Gorgonichthys,clarki,Famennian,390,Denison 1978
Placodermi,Arthrodira,Groenlandaspis,riniensis,Famennian,90,Long et al. 1997
Placodermi,Arthrodira,Groenlandaspis,mirabilis,Famennian,110,Daeschler and Frumes 2003
Placodermi,Arthrodira,Groenlandaspis,thorezi,Famennian,24,Clement and Janvier 2005
Placodermi,Arthrodira,Groenlandaspis,pennsylvanica,Famennian,100,Daeschler and Frumes 2003
Placodermi,Arthrodira,Groenlandaspis,disjectus,Famennian,85,Daeschler and Frumes 2003
Placodermi,Arthrodira,Gymnotrachelus,hydei,Famennian,84,Denison 1978
Placodermi,Arthrodira,Heinzichthys,gouldi,Famennian,140,Denison 1978
Placodermi,Arthrodira,Holdenius,holdeni,Famennian,590,Denison 1978
Placodermi,Arthrodira,Hussakofia,minor,Famennian,96,Denison 1978
Placodermi,Arthrodira,Mylostoma,varibile,Famennian,120,Denison 1978
Placodermi,Arthrodira,Paramylostoma,arcualis,Famennian,71,Denison 1978
Placodermi,Arthrodira,Selenosteus,brevis,Famennian,87,Denison 1978
Placodermi,Arthrodira,Stenosteus,glaber,Famennian,110,Denison 1978
Placodermi,Arthrodira,Tafilalichthys,lavocati,Famennian,130,Denison 1978
Placodermi,Arthrodira,Titanichthys,agassizi,Famennian,490,Denison 1978
Placodermi,Arthrodira,Titanichthys,attenuatus,Famennian,440,Denison 1978
Placodermi,Arthrodira,Titanichthys,clarkii,Famennian,490,Newberry 1889
Placodermi,Arthrodira,Titanichthys,kozlowskii,Famennian,500,Kulczycki 1957
Placodermi,Arthrodira,Titanichthys,termieri,Famennian,120,Denison 1978
Placodermi,Arthrodira,Trachosteus,clarki,Famennian,75,Denison 1978
Placodermi,Antiarcha,Sinolepis,macrocephala,Famennian,32,Denison 1978
Placodermi,Antiarcha,Bothriolepis,alvensis,Famennian,46,Denison 1978
Placodermi,Antiarcha,Bothriolepis,cristata,Famennian,35,Denison 1978
Placodermi,Antiarcha,Bothriolepis,gigantea,Famennian,97,Denison 1978
Placodermi,Antiarcha,Bothriolepis,groenlandica,Famennian,85,Denison 1978
Placodermi,Antiarcha,Bothriolepis,lohesti,Famennian,19,Denison 1978
Placodermi,Antiarcha,Bothriolepis,paradoxa,Famennian,48,Denison 1978
Placodermi,Antiarcha,Remigolepis,cristata,Famennian,24,Denison 1978
Placodermi,Antiarcha,Remigolepis,acusta,Famennian,48,Denison 1978
Placodermi,Antiarcha,Remigolepis,kochi,Famennian,35,Denison 1978
Placodermi,Phyllolepid,Phyllolepis,tolli,Famennian,50,Denison 1978
Placodermi,Arthrodira,Dinichthys,corrugatus,Famennian,180,Branson 1914
Placodermi,Arthrodira,Turrisaspis,elektor,Famennian,22,Daeschler et al. 2003
Placodermi,Arthrodira,Tiaraspis,subtilis,Famennian,110,Daeschler and Frumes 2003
Placodermi,Antiarcha,Hillalepis,gippslandensis,Famennian,20,Denison 1978
Placodermi,Antiarcha,Livnolepis,zadonica,Famennian,80,Moloshnikov 2008
Placodermi,Antiarcha,Kirgisolepis,karabaltaensis,Famennian,46,Vorobyeva & Panteleyev 2005
Placodermi,Antiarcha,Ningxialepis,spinosa,Famennian,11.5,Jia et al. 2010
Sarcopterygii,Porolepiformes,Youngolepis,sp.,Lochkovian,50,Long 2011
Sarcopterygii,Porolepiformes,Youngolepis,praecursor,Lochkovian-Pragian,30,Wang et al. 2010
Sarcopterygii,Dipnoi,Powichthys,sp.,Lochkovian,50,Long 2011
Sarcopterygii,NA,Psarolepis,romeri,Lochkovian,13,Yu 1998
Sarcopterygii,NA,Achoania,jarviki,Lochkovian,16,Zhu et al. 2001
Sarcopterygii,NA,Styloichthys,changae,Lochkovian,16,Zhu & Yu 2002
Sarcopterygii,NA,Meemania,eos,Lochkovian,10,Zhao & Zhu 2010
Sarcopterygii,Dipnoi,Diabolepis,speratus,Lochkovian,15,Chang & Yu 1984
Sarcopterygii,Dipnoi,Westollrhynchus,lehmani,Pragian-Emsian,69,Schultze 2001
Sarcopterygii,Onychodont,Qingmenodus,yui,Pragian,70,Long 2011
Sarcopterygii,Onychodont,Bukkanodus,jesseni,Pragian,20,Long 2011
Sarcopterygii,Actinista,Euporosteus,yunnanensis,Pragian,12,Zhu et al. 2012
Sarcopterygii,Dipnoi,Uranolophus,wyomingensis,Pragian-Emsian,30,Frickhinger 1991
Sarcopterygii,Dipnoi,Dipnorhynchus,sussmilchi,Emsian,57.8,Bernacsek & Carroll 1981
Sarcopterygii,Dipnoi,Dipnorhynchus,cathlesae,Emsian,140,Campbell et al. 2009
Sarcopterygii,Dipnoi,Speonedydrion,iani,Emsian,55,Chang & Wang 1995
Sarcopterygii,Dipnoi,Cathlorhynchus,trismodipterus,Emsian,28,Campbell et al. 2009
Sarcopterygii,Dipnoi,Erikia,jarviki,Emsian,15,Chang & Wang 1995
Sarcopterygii,Dipnoi,Tarachomylax,oepiki,Emsian,17,Barwick et al. 1997
Sarcopterygii,Osteolepiformes,New Osteolepiform,sp.,Emsian-Eifelian,24,Hunt & Young 2012
Sarcopterygii,Dipnoi,Melanognathus,canadensis,Emsian,36,Schultze 2001
Sarcopterygii,Porolepiformes,Nasogaluakus,chorni,Emsian,51,Schultze 2000
Sarcopterygii,Dipnoi,Sorbitohynchus,deleaslkitus,Emsian,76,Wang et al. 1990
Sarcopterygii,Tetrapodamorpha,Kenichthys,campbelli,Emsian,10,Zhao & Zhu 2010
Sarcopterygii,Porolepiformes,Porolepis,brevis,Eifelian,20,Frickhinger 1991
Sarcopterygii,Dipnoi,Dipterus,valenciennessii,Eifelian-Frasnian,30,Frickhinger 1991
Sarcopterygii,Porolepiformes,Gyroptychius,agassizi,Eifelian-Givetian,30,Frickhinger 1991
Sarcopterygii,Porolepiformes,Glyptolepis,paucidens,Eifelian-Givetian,62,Frickhinger 1991
Sarcopterygii,Porolepiformes,Glyptolepis,leptopterus,Eifelian-Givetian,70,Vorobyeva 2006
Sarcopterygii,Osteolepiformes,Thursius,macrolepidotus,Eifelian,12,Dineley 1999
Sarcopterygii,Osteolepiformes,Thursius,talsiensis,Eifelian,8,Vorobyeva 1977
Sarcopterygii,Osteolepiformes,Thursius,fischeri,Eifelian,9,Vorobyeva 1977
Sarcopterygii,Osteolepiformes,Osteolepis,macrolepidotus,Eifelian-Givetian,18,Frickhinger 1991
Sarcopterygii,Porolepiformes,Holoptychius,sp.,Eifelian,57,Moy-Thomas & Miles 1971
Sarcopterygii,Dipnoi,Dongshanodus,qujingensis,Eifelian-Givetian,18,Wang 1981
Sarcopterygii,Dipnoi,Sinodipterus,beibei,Eifelian,15,Qiao & Zhu 2009
Sarcopterygii,Dipnoi,Pinnalongus,saxoni,Eifelian-Givetian,30,Newman & Den Blaauwen 2007
Sarcopterygii,Dipnoi,Amadeodipterus,kencampbelli,Eifelian-Givetian,23,Clement 2009
Sarcopterygii,Onychodont,Luckeus,abudda,Eifelian-Givetian,38,Young & Schultze 2005
Sarcopterygii,Dipnoi,Dipterus,marginalis,Givetian-Famennian,29,Eastman 1907
Sarcopterygii,Dipnoi,Dipterus,uddeni,Givetian,24,Eastman 1907
Sarcopterygii,Dipnoi,Dipterus,calvini,Givetian,24,Eastman 1907
Sarcopterygii,Onychodont,Onychodus,sigmoides,Givetian,150,Newberry 1889
Sarcopterygii,Osteolepiformes,Thursius,pholidotus,Givetian,19,Frickhinger 1991
Sarcopterygii,Dipnoi,Pentlandia,macroptera,Givetian,12,Frickhinger 1991
Sarcopterygii,Osteolepiformes,Tristichopterus,alatus,Givetian,28,Frickhinger 1991
Sarcopterygii,Rhizodontida,Notorhizodon,mackelevyi,Givetian-Frasnian,300,Young et al. 1992
Sarcopterygii,Porolepiformes,Laccognathus,panderi,Givetian-Frasnian,200,Vorobyeva 2006
Sarcopterygii,Porolepiformes,Laccognathus,grossi,Givetian,70,Vorobyeva 2006
Sarcopterygii,Osteolepiformes,Koharalepis,jarviki,Givetian,100,Young et al. 1992
Sarcopterygii,Osteolepiformes,Vorobjevaia,dolodon,Givetian,55,Young et al. 1992
Sarcopterygii,Dipnoi,Cheirodipterus,onaweyensis,Givetian,73,Schultze 1982
Sarcopterygii,Actinista,Miguashaia,grossi,Givetian-Frasnian,110,Forey et al. 2000
Sarcopterygii,Dipnoi,Iowadipterus,halli,Givetian,57,Young et al. 1992
Sarcopterygii,Osteolepiformes,Mahalepis,resima,Givetian,61,Schultze 1992
Sarcopterygii,Osteolepiformes,Platyethmoidia,antarctica,Givetian,52,Young et al. 1992
Sarcopterygii,Osteolepiformes,Eusthenopteron,kurshi,Givetian,36.6,Zupins 2008
Sarcopterygii,Dipnoi,Grossipterus,crassus,Givetian,91,Vorobyeva & Obruchev 1967
Sarcopterygii,Rhizodontida,Aztecia,mahalae,Givetian,90,Johanson & Ahlberg 2001
Sarcopterygii,Actinista,Dictyonosteus,arcticus,Givetian,200,Stensio 1922
Sarcopterygii,Dipnoi,Rhinodipterus,sp.,Givetian,11,Vorobyeva & Obruchev 1967
Sarcopterygii,Dipnoi,Barwickia,downnunda,Givetian,27,Long 1992
Sarcopterygii,Dipnoi,Harajicadipterus,youngi,Givetian,17,Clement 2009
Sarcopterygii,Osteolepiformes,Owensia,chooi,Givetian,18,Holland 2009
Sarcopterygii,Dipnoi,Soederberghia,sp.,Givetian,27,Schultze 2010
Sarcopterygii,Osteolepiformes,Bruenhopteron,murphyi,Givetian,45,Schultze & Reed 2012
Sarcopterygii,Dipnoi,Dipnotuberculus,gnathodus,Givetian,100,Campbell & Barwick 2008
Sarcopterygii,Porolepiformes,Paraglyptolepis,karkiensis,Givetian,19,Vorobyeva 1987
Sarcopterygii,Dipnoi,Tristichopterid rhipidistian,indet.,Givetian,50,Schultze 2010
Sarcopterygii,Dipnoi,Chirodipterus,wildungensis,Frasnian,36.7,Bernacsek & Carroll 1981
Sarcopterygii,Dipnoi,Holodipterus,gogoensis,Frasnian,41,Frickhinger 1991
Sarcopterygii,Dipnoi,Pillararhynchus,longi,Frasnian,25,Campbell & Barwick 1009
Sarcopterygii,Actinista,Diplocerides,jaekeli,Frasnian,26,Stensio 1922
Sarcopterygii,Osteolepiformes,Eusthenopteron,foordi,Frasnian,60,Frickhinger 1991
Sarcopterygii,Porolepiformes,Holoptychius,jarviki,Frasnian,37.5,Cloutier & Schultze 1996
Sarcopterygii,Porolepiformes,Holoptychius,bergmanni,Frasnian,73,Vorobyeva and Obruchev 1967
Sarcopterygii,Porolepiformes,Holoptychius,nobilissimus,Frasnian-Famennian,73,Downs et al. 2013
Sarcopterygii,Porolepiformes,Holoptychius,sp.,Frasnian,95,Vorobyeva & Obruchev 1967
Sarcopterygii,Onychodont,Onychodus,firouzi,Frasnian,98,Janvier & Martin 1979
Sarcopterygii,Onychodont,Onychodus,jandemmarrai,Frasnian,95,Andrews et al. 2006
Sarcopterygii,Dipnoi,Scaumenacia,curta,Frasnian,64.6,Frickhinger 1991
Sarcopterygii,Dipnoi,Fleurantia,denticulata,Frasnian,42,Cloutier 1996
Sarcopterygii,Porolepiformes,Quebecius,quebecensis,Frasnian,6,Frickhinger 1991
Sarcopterygii,Dipnoi,Spodichthys,buetleri,Frasnian,23,Snitting 2008
Sarcopterygii,Osteolepiformes,Platycephalichthys,bischoffi,Frasnian,400,Vorobyeva & Obruchev 1967
Sarcopterygii,Osteolepiformes,Jarvikina,wenjukowi,Frasnian,95,Vorobyeva 1977
Sarcopterygii,Actinista,Callistiopterus,clappi,Frasnian,7,Frickhinger 1991
Sarcopterygii,Porolepiformes,Laccognathus,embryi,Frasnian,62,Downs et al. 2011
Sarcopterygii,Osteolepiformes,Sengoerichthys,ottomani,Frasnian,24,Janvier et al. 2007
Sarcopterygii,Dipnoi,Rhinodipterus,ulrichi,Frasnian,24,Schultze 1992
Sarcopterygii,Actinista,Holopterygius,nudus,Frasnian,28,Friedman & Coates 2006
Sarcopterygii,Osteolepiformes,Latvius,grewingki,Frasnian,30,Vorobyeva & Obruchev 1967
Sarcopterygii,Dipnoi,Iranorhynchus,seysdemamii,Frasnian,60,Janvier & Martin 1979
Sarcopterygii,Osteolepiformes,Megistolepis,klementzi,Frasnian,200,Vorobyeva & Obruchev 1967
Sarcopterygii,Dipnoi,Griphognathus,whitei,Frasnian,75,Campbell & Barwick 1986
Sarcopterygii,Actinista,Nesides,schmidti,Frasnian,20,Vorobyeva & Obruchev 1967
Sarcopterygii,Dipnoi,Asthenorhynchus,meemanae,Frasnian,60,Long 2010
Sarcopterygii,Dipnoi,Xeradipterus,hatcheri,Frasnian,35,Clement & Long 2010
Sarcopterygii,Dipnoi,Chirodipterus,australis,Frasnian,40.8,Bernacsek & Carroll 1981
Sarcopterygii,Osteolepiformes,Marsdenichthys,longioccipitus,Frasnian,58,Long 1985b
Sarcopterygii,Dipnoi,Robinsondipterus,longi,Frasnian,79,Long 2010
Sarcopterygii,Dipnoi,Howidipterus,donnae,Frasnian,43,Long 1992
Sarcopterygii,Dipnoi,Eoctenodus,microsoma,Frasnian,31,Long 1987
Sarcopterygii,Dipnoi,Soederberghia,simpsoni,Frasnian,21,Ahlberg et al. 2001
Sarcopterygii,Osteolepiformes,Panderichthys,rhombolepis,Frasnian,200,Vorobyeva & Obruchev 1967
Sarcopterygii,Actinista,Chagrinia,sp.,Famennian,10,Frickhinger 1991
Sarcopterygii,Osteolepiformes,Cryptolepis,grossi,Famennian,100,Lebedev 1995
Sarcopterygii,Osteolepiformes,Glyptopomus,kinnairdi,Famennian,27,Vorobyeva & Obruchev 1967
Sarcopterygii,Osteolepiformes,Glyptopomus,minor,Famennian,60,Vorobyeva & Obruchev 1967
Sarcopterygii,Porolepiformes,Holoptychius,hallii,Famennian,90,Downs et al. 2013
Sarcopterygii,Porolepiformes,Holoptychius,radiatus,Famennian,60,Vorobyeva & Obruchev 1967
Sarcopterygii,Osteolepiformes,Sterropterygion,markovskyi,Famennian,20,Vorobyeva 1977
Sarcopterygii,Dipnoi,Jarvikia,arctica,Famennian,100,Krupina 1999
Sarcopterygii,Dipnoi,Jarvikia,lebedevi,Famennian,72,Krupina 1999
Sarcopterygii,Rhizodontida,Sauripterus,anglicus,Famennian,160,Davis et al. 2004
Sarcopterygii,Dipnoi,Soederberghia,groenlandica,Famennian,180,Schultze 1992
Sarcopterygii,Osteolepiformes,Eusthenodon,waengsjoei,Famennian,43,Schultze & Chorn 1998
Sarcopterygii,Osteolepiformes,Hyneria,lindae,Famennian,250,Thomson 1968
Sarcopterygii,Dipnoi,Orlovichthys,limnatus,Famennian,28,Krupina et al. 2001
Sarcopterygii,Dipnoi,Apatorhynchus,opistheretmus,Famennian,80,Friedman & Daeschler 2007
Sarcopterygii,Osteolepiformes,Canowindra,grossi,Famennian,52,Frickhinger 1991
Sarcopterygii,Osteolepiformes,Mandageria,fairfaxi,Famennian,160,Johanson et al. 2003
Sarcopterygii,Osteolepiformes,Cabonnichthys,bursi,Famennian,74,Ahlberg & Johanson 1997
Sarcopterygii,Rhizodontida,Gooloogongia,loomesi,Famennian,89,Johanson & Ahlberg 1998
Sarcopterygii,Dipnoi,Phaneropleuron,andersoni,Famennian,33,Frickhinger 1991
Sarcopterygii,Dipnoi,Rhynchodipterus,elginensis,Famennian,50,Ahlberg et al. 2001
Sarcopterygii,Osteolepiformes,Sterropterygion,brandei,Famennian,38,Thomson 1972
Sarcopterygii,Osteolepiformes,Heddleichthys,dalgliensis,Famennian,50,Snitting 2009
Sarcopterygii,Osteolepiformes,Langlieria,socqueti,Famennian,79,Clement et al. 2009
Sarcopterygii,Dipnoi,Sunwapta,grandiceps,Famennian,100,Thomson 1967
Sarcopterygii,Osteolepiformes,Uzunbulaklepis,obruchevi,Famennian,100,Vorobyeva & Panteleyev 2005
Sarcopterygii,Osteolepiformes,Gyroptychius,pauli,Famennian,20,Vorobyeva 1977
Sarcopterygii,Osteolepiformes,Edenopteron,kiethcrooki,Famennian,250,Young et al. 2013
Sarcopterygii,Osteolepiformes,Osteolepidid,indet.,Famennian,18.8,Schultze & Chorn 1998
Sarcopterygii,Osteolepiformes,Thursius,estonicus,Famennian,29,Vorobyeva 1977
Sarcopterygii,NA,Viluichthys,fradkini,Famennian,59,Vorobyeva 1977
Sarcopterygii,Osteolepiformes,Lamprotolepis,verrucosa,Famennian,45,Vorobyeva 1977
Sarcopterygii,Rhizodontida,Barameda,decipiens,Tournaisian,200,Garvey et al. 2005
Sarcopterygii,Dipnoi,Delatitia,breviceps,Tournaisian,80,Long & Campbell 1985
Sarcopterygii,Rhizodontida,Strepsodus?,anculonamensis,Tournaisian,35,Johanson & Ahlberg 1998
Sarcopterygii,Actinista,Rhabdoderma,sp.,Tournaisian,22,Dineley 1996
Sarcopterygii,Rhizodontida,Letognathus,hardingi,Tournaisian,92,Brazeau 2005
Sarcopterygii,Rhizodontida,Pycnoctenion,jacuticus,Tournaisian,62,Vorobyeva 1977
Sarcopterygii,Actinista,Coelacanthus,welleri,Tournaisian-Visean,19,Eastman 1908
Sarcopterygii,Osteolepiformes,Megalichthys,laticeps,Visean,27,Traquair 1884
Sarcopterygii,Rhizodontida,Strepsodus,sauroides,Visean-Serpukhovian,190,Johanson et al. 2000
Sarcopterygii,Rhizodontida,Rhizodus,hibberti,Visean-Serpukhovian,700,Vorobyeva & Obruchev 1967
Sarcopterygii,Actinista,Rhabdoderma,elegans,Visean-Serpukhovian,18,Forey 1981
Sarcopterygii,Actinista,Rhabdoderma,ardrossense,Visean,11.7,Forey 1981
Sarcopterygii,Actinista,Rhabdoderma,huxleyi,Visean-Serpukhovian,16,Forey 1981
Sarcopterygii,Actinista,Rhabdoderma,tingleyense,Visean,45,Forey 1981
Sarcopterygii,Actinista,Coelacanthopsis,curta,Visean,9,Frickhinger 1991
Sarcopterygii,Osteolepiformes,Cladarosymblea,narrienense,Visean,22,Fox et al. 1995
Sarcopterygii,Rhizodontida,Floydus,punicellus,Visean,97,Snyder 2006
Sarcopterygii,Rhizodontida,Screbinodus,ornatus,Visean-Serpukhovian,150,Jeffery 2012
Sarcopterygii,Dipnoi,Uronemus,splendens,Visean-Serpukhovian,70,Smith et al. 1987
Sarcopterygii,Dipnoi,Straitonia,watersoni,Visean-Serpukhovian,50,Sharp & Clack 2011
Sarcopterygii,Actinista,Allenypterus,montanus,Serpukhovian,15,Lund & Grogan 2005
Sarcopterygii,Actinista,Caridosuctor,populosum,Serpukhovian,25,Lund & Grogan 2005
Sarcopterygii,Actinista,Hadronector,donbairdi,Serpukhovian,12,Lund & Grogan 2005
Sarcopterygii,Actinista,Lochmocerceus,aciculodontus,Serpukhovian,10,Lund & Lund 1984
Sarcopterygii,Actinista,Polyosterohynchus,beargulchensis,Serpukhovian,15,Lund & Grogan 2005
Sarcopterygii,Rhizodontida,Rhizodopsis,sauroides,Serpukhovian,30,Moy-Thomas 1971
Sarcopterygii,Rhizodontida,Archichthys,sulcidens,Serpukhovian,91,Jeffery 2006
Sarcopterygii,Rhizodontida,Unnamed,sp.,Serpukhovian,400,Garcia et al. 2006
Tetrapoda,NA,Panderichthys,rhombolepis,Givetian-Frasnian,100,Ahlberg & Clack 1996
Tetrapoda,NA,Tiktaalik,roseae,Givetian-Frasnian,100,Daeshler et al. 2006
Tetrapoda,NA,Parapanderichthys,stolbovi,Frasnian,150,Vorobyeva 1977
Tetrapoda,NA,Elginerpeton,pancheni,Frasnian,230,Ahlberg 1995
Tetrapoda,NA,Acanthostega,gunnari,Famennian,70,Clack 2002
Tetrapoda,NA,Ichthyostega,stensoei,Famennian,130,Blom 2005
Tetrapoda,NA,Ichthyostega,watsoni,Famennian,56,Blom 2005
Tetrapoda,NA,Ichthyostega,eigili,Famennian,92,Blom 2005
Tetrapoda,NA,Metaxygnathus,denticulus,Famennian,70,Campbell & Bell 1977
Tetrapoda,NA,Densignathus,rowei,Famennian,100,Ahlberg et al. 2005
Tetrapoda,NA,Ventastega,curonica,Famennian,110,Ahlberg & Clack 2008
Tetrapoda,NA,Ymeria,denticulata,Famennian,70,Clack et al. 2012
Tetrapoda,NA,Tulerpeton,curtum,Famennian,90,Lebedev & Coates 1995
Tetrapoda,NA,Pederpes,finneyae,Tournaisian,65,Clack & Finney 2005
Tetrapoda,NA,Occidens,portlocki,Tournaisian,100,Clack & Ahlberg 2004
Tetrapoda,NA,Crassigyrinus,sp.,Tournaisian,120,Smithson et al.  2012
Tetrapoda,NA,Small tetrapod,indet.,Tournaisian,40,Smithson et al.  2012
Tetrapoda,NA,Ribbo,sp.,Tournaisian,85,Smithson et al.  2012
Tetrapoda,NA,Lethiscus,stocki,Visean,15,Wellstead 1982
Tetrapoda,NA,Casineria,kiddi,Visean,10,Paton et al. 1999
Tetrapoda,NA,Ossinodus,pueri,Visean,150,Warren 2007
Tetrapoda,NA,Palaeomolgophis,scoticus,Visean,15,Brough & Brough 1967
Tetrapoda,NA,Whatcheeria,deltae,Visean,100,Lombard & Bolt 1995
Tetrapoda,NA,Crassigyrinus,scoticus,Visean-Serpukhovian,180,Panchen 1985
Tetrapoda,NA,Adelogyrinus,simnorhynchus,Visean,23,Brough & Brough 1967
Tetrapoda,NA,Greererpeton,burkemorani,Visean-Serpukhovian,140,Godfrey 1989
Tetrapoda,NA,Balanerpeton,woodi,Visean,50,Clack 2002
Tetrapoda,NA,Eldeceeon,rolfei,Visean,35,Clack 2002
Tetrapoda,NA,Silvanerpeton,miripedes,Visean,40,Clack 2002
Tetrapoda,NA,Westlothiana,lizzae,Visean,20,Clack 2002
Tetrapoda,NA,Loxomma,sp.,Visean-Serpukhovian,27,Clack 2002
Tetrapoda,NA,Acherontiscus,caledoniae,Visean-Serpukhovian,16,Carroll 1969
Tetrapoda,NA,Antlerpeton,clarkii,Visean,21,Thomson et al. 1998
Tetrapoda,NA,Eucritta,melanolimnetes,Visean,47,Clack 1998
Tetrapoda,NA,Ophiderepeton,nanum,Visean,13,Boyd 1982
Tetrapoda,NA,Dolichopareias,disjectus,Visean,26,Brough & Brough 1967
Tetrapoda,NA,Deltaherpeton,hiemstrae,Visean-Serpukhovian,82,Bolt & Lombard 2010
Tetrapoda,NA,Eoherpeton,watsoni,Visean-Serpukhovian,87,Smithson 1985
Tetrapoda,NA,Doragnathus,woodi,Visean-Serpukhovian,70,Smithson 1980
Tetrapoda,NA,Caerorhachis,bairdi,Serpukhovian,30,Holmes & Carroll 1977
Tetrapoda,NA,Colosteid,indet.,Serpukhovian,60,Garcia et al. 2006
Tetrapoda,NA,Adelospondylus,watsoni,Serpukhovian,20,Carroll 1967
Tetrapoda,NA,Utaherpeton,franklini,Serpukhovian,5,Carroll et al. 1991
Tetrapoda,NA,Proterogyrinus,sp.,Serpukhovian,250,Clack 2002
Tetrapoda,NA,Adelogyrinus,sp.,Serpukhovian,50,Clack 2002
Tetrapoda,NA,Spathicephalus,mirus,Serpukhovian,100,Garcia et al. 2006