Species name,Group (Order),Stage bin,Age (in Mya),Youngest Age,Environment (terrestrial/aquatic),Source,Body length (cm),Body mass (kg),source BM,"Diet (herbivore, omnivore,carnivore, small stuff eater)",Head presence,Head surface,Head projections,Head function,Body presence,Body projections,Body surface,Body function,Tail presence,Tail projections,Tail surface,Tail function,Notes,Habitat or water depth,Geographical Distribution
Bothriolepis_evaldi,Placodermi,Frasnian,,,,,17,,Luksevics 2001,,1,1,0,NA,1,0,1,NA,0,NA,NA,NA,"Lukševi?s 2001. figs 29-31,  head-shields, trunk-armours ,pectoral appendages, disarticulated plates. https://sciencepress.mnhn.fr/sites/default/files/articles/pdf/g2001n4a2.pdf",,
Bothriolepis_leptocheira,Placodermi,Frasnian-Famennian,,,,,82,,Luksevics 2001,,1,1,0,NA,1,1,1,NA,0,NA,NA,NA,"Lukševi?s 2001. figs 32-39,  head-shields, pectoral appendages, disarticulated plates. , pectoral fin (with spines? unclear in image but refered to in text)https://sciencepress.mnhn.fr/sites/default/files/articles/pdf/g2001n4a2.pdf",,
Bothriolepis_canadensis,Placodermi,Frasnian,,,,,46,,Werdelin & Long 1986,,1,1,0,NA,1,1,1,NA,1,0,0,NA,"Frickhinger 1995, Fossil Atlas: Fishes, p.139, head-shield trunk armour. Béchard et al. 2013, fig. 8, full specimen, spines on pectoral fins https://doi.org/10.26879/417",,
Bothriolepis_favosa,Placodermi,Frasnian,,,,,56,,Denison 1978,,NA,NA,NA,NA,NA,NA,NA,NA,NA,NA,NA,NA,"CAN'T FIND, Denison 1978. UPDATE: Acquired Denison, no image present.",,
Bothriolepis_hayi,Placodermi,Frasnian-Famennian,,,,,51,,Denison 1978,,NA,NA,NA,NA,NA,NA,NA,NA,NA,NA,NA,NA,"CAN'T FIND, Denison 1978. UPDATE: Acquired Denison, no image present.",,
Bothriolepis_major,Placodermi,Frasnian,,,,,41,,Denison 1978,,NA,NA,NA,NA,NA,NA,NA,NA,NA,NA,NA,NA,"CAN'T FIND, Denison 1978. UPDATE: Acquired Denison, no image present.",,
Bothriolepis_obesa,Placodermi,Frasnian-Famennian,,,,,66,,Denison 1978,,NA,NA,NA,NA,NA,NA,NA,NA,NA,NA,NA,NA,"CAN'T FIND, Denison 1978. UPDATE: Acquired Denison, no image present.",,
Bothriolepis_taylori,Placodermi,Frasnian,,,,,61,,Denison 1978,,NA,NA,NA,NA,NA,NA,NA,NA,NA,NA,NA,NA,Found an image here but I cannot make out what it is. http://collections.gla.ac.uk/#/details/ecatalogue/21101,,
Bothriolepis_wilsoni,Placodermi,Frasnian-Famennian,,,,,72,,Denison 1978,,NA,NA,NA,NA,NA,NA,NA,NA,NA,NA,NA,NA,"CAN'T FIND, Denison 1978. UPDATE: Acquired Denison, no image present.",,
Bothriolepis_sanzarensis,Placodermi,Frasnian,,,,,76,,Moloshnikov 2010,,0,NA,NA,NA,1,1,1,NA,0,NA,NA,NA,"Moloshnikov 2010, fig. 2, mediodorsal plate of trunk shield and partial pectoral fin with small spines. http://dx.doi.org/10.1134/S0031030110010107",,
Bothriolepis_volongensis,Placodermi,Frasnian,,,,,48,,Denison 1978,,NA,NA,NA,NA,NA,NA,NA,NA,NA,NA,NA,NA,"CAN'T FIND, Denison 1978. UPDATE: Acquired Denison, this sp. does not seem to be present?",,
Asterolepis_chadwicki,Placodermi,Frasnian,,,,,57,,Denison 1978,,0,NA,NA,NA,1,0,1,NA,0,NA,NA,NA,"Wells 1964, plates 73-74, disarticulated plates of trunk armour. https://www.jstor.org/stable/1301525 ",,
Asterolepis_saevesoederberghi,Placodermi,Frasnian,,,,,49,,Denison 1978,,NA,NA,NA,NA,NA,NA,NA,NA,NA,NA,NA,NA,"CAN'T FIND, Denison 1978. UPDATE: Acquired Denison, no image present.",,
Asterolepis_maxima,Placodermi,Frasnian-Famennian,,,,,98,,Denison 1978,,1,1,0,NA,1,0,1,NA,0,NA,NA,NA,"Frickhinger 1995, Fossil Atlas: Fishes, p.141, image of too low quality in my copy :(. Top plate of head, http://collections.gla.ac.uk/#/details/ecatalogue/21116. Extremely smushed example with what I think are trunk plates? https://collections.si.edu/search/detail/edanmdm:nmnhpaleobiology_3415293?q=record_ID%3Dnmnhpaleobiology_3415293&record=1&hlterm=record_ID%3Dnmnhpaleobiology_3415293&inline=true",,
Neophlyctenius_sherwoodi,Placodermi,Frasnian,,,,,50,,Denison 1978,,0,NA,NA,NA,1,0,1,NA,0,NA,NA,NA,"CAN'T FIND, Denison 1978. Zero trace of this sp. at all on the web, possible typo in name? UPDATE: Acquired Denison 1978, p.54 fig.39 D, line drawing of trunk shield. ",,
Grossilepis_tuberculata,Placodermi,Frasnian,,,,,26,,Luksevics 2001,,1,1,0,NA,1,1,1,NA,0,NA,NA,NA,"Lukševi?s 2001. figs 79-80,  line drawings only of head shield and thoracic armour. https://sciencepress.mnhn.fr/sites/default/files/articles/pdf/g2001n4a2.pdf",,
Walterosteus_lelievrei,Placodermi,Frasnian,,,,,29,,Rücklin 2011,,1,1,0,NA,1,0,1,NA,0,NA,NA,NA,"Rücklin 2011, fig. 9, skull with thoracic armour as impression only (holotype). https://doi.org/10.1111/j.1475-4983.2010.01026.x",,
Omalosteus_krutoensis,Placodermi,Frasnian,,,,,65,,Zakharenko 2007,,1,1,0,NA,1,0,1,NA,0,NA,NA,NA,"Zakharenko 2011, Plate 8-9, disarticulated plates of head shield and pectoral carapace. http://dx.doi.org/10.1134/S0031030107060081",,
Materpiscis_attenboroughi,Placodermi,Frasnian,,,,,18.7,,Long et al. 2009,,1,1,0,NA,1,0,1,NA,1,0,0,NA,"Long et al. 2008, figs 1-3, incomplete headshield, braincase, axialskeleton and partially ossified juvenile :0 oldest example of vertebrate viviparity! https://www.nature.com/articles/nature06966",,
Mcnamaraspis_kaprios,Placodermi,Frasnian,,,,,35,,Long and Trinajstic 2010,,1,1,0,NA,1,0,1,NA,0,NA,NA,NA,"Long and Trinajstic 2010, fig. 4, head and trunk shield. https://doi.org/10.1146/annurev-earth-040809-152416 See also https://museum.wa.gov.au/research/collections/earth-and-planetary-sciences/fossil-collection/mcnamaraspis-kaprios",,
Simosteus_tuberculatus,Placodermi,Frasnian,,,,,68,,Dennis & Miles 1982,,1,1,0,NA,0,NA,NA,NA,0,NA,NA,NA,"Dennis & Miles 1982, fig. 2, partial skull roof, only known specimen. https://doi.org/10.1111/j.1096-3642.1982.tb01945.x",,
Compagopiscis_croucheri,Placodermi,Frasnian,,,,,36,,Gardiner & Miles 1994,,1,1,0,NA,1,0,1,NA,0,NA,NA,NA,"Gardiner & Miles 1994, figs 1-12, head and trunk. https://doi.org/10.1111/j.1096-3642.1994.tb00331.x",,
Golshanichthys_asiatica,Placodermi,Frasnian,,,,,140,,Long 1987,,1,1,0,NA,0,NA,NA,NA,0,NA,NA,NA,"Lelievre et al. 1981, partial cranial plates. Paper is written in French. https://doi.org/10.1016/S0016-6995(81)80148-9",,
Gogopiscus_gracilis,Placodermi,Frasnian,,,,,35,,Gardiner & Miles 1994,,1,1,0,NA,1,0,1,NA,0,NA,NA,NA,"Gardiner & Miles 1994, figs 13-18, head and trunk. https://doi.org/10.1111/j.1096-3642.1994.tb00331.x",,
Gogosteus_sarahae,Placodermi,Frasnian,,,,,44,,Long 1994,,1,1,0,NA,1,0,1,NA,0,NA,NA,NA,"Long 1994, fig. 1, headshield with trunk armour. http://dx.doi.org/10.1080/03115518.1994.9638763",,
Pinguosteus_thulborni,Placodermi,Frasnian,,,,,48,,Long 1990,,0,NA,NA,NA,1,0,1,NA,0,NA,NA,NA,"Long 1990, figs. 7-9, disarticulated trunkshield plates. https://www.biodiversitylibrary.org/page/40652558#page/66/mode/1up",,
Stenosteus_pertenuis,Placodermi,Frasnian,,,,,73,,Denison 1978,,NA,NA,NA,NA,NA,NA,NA,NA,NA,NA,NA,NA,"CAN'T FIND, Denison 1978.  UPDATE: Acquired Denison, no image present. Corrected typo in sp. name pertenius(sic) -> pertenuis",,
Changyonophyton_hupeiense,Placodermi,Frasnian,,,,,30,,Denison 1978,,0,NA,NA,NA,1,1,1,NA,0,NA,NA,NA,"CAN'T FIND, Denison 1978. UPDATE: Acquired Denison, p. 119 fig.94 C, spinal and anterio-ventrolateral plate. Corrected typo in genus, Changyanophyton(sic) -> Changyonophyton",,
Placolepis_budawangensis,Placodermi,Frasnian,,,,,8.3,,Young et al. 2000,,1,1,0,NA,1,0,1,NA,0,NA,NA,NA,"Ritchie 1984, figs 2-13, disarticulated plates of head and trunk shields. https://www.biodiversitylibrary.org/page/34925635#page/369/mode/1up",,
Deirosteus_abbreviatus,Placodermi,Frasnian,,,,,190,,Denison 1978,,0,NA,NA,NA,1,0,1,NA,0,NA,NA,NA,"Wells 1942, plate 95 median-dorsal plate, plate 96 fig. 4 posterior ventrolateral plate. https://www.jstor.org/stable/1298787",,
Pambulaspis_cobandrahensis,Placodermi,Frasnian,,,,,44,,Young 1983,,1,1,0,NA,1,0,1,NA,0,NA,NA,NA,"Young 1983, figs. 3-7, incomplete skull roof and some trunk plates. https://ecat.ga.gov.au/geonetwork/srv/api/records/fae9173a-704b-71e4-e044-00144fdd4fa6",,
Cosmacanthus_malcolmsoni,Placodermi,Frasnian,,,,,150,,Newman 2005,,0,NA,NA,NA,1,0,1,NA,0,NA,NA,NA,"Newman 2005, fig. 1, sp. known only from spinal plates. Ornamentation with ""blunt tubercles"" but not spines really. https://doi.org/10.1111/j.1475-4983.2005.00495.x ",,
Draconichthys_elegans,Placodermi,Frasnian,,,,,64,,Rücklin 2011,Predator? Grasping teeth,1,1,0,NA,1,0,1,NA,0,NA,NA,NA,"Rücklin 2011, figs. 15-17, skull, headshield plates and two plates of thoracic armour.  https://doi.org/10.1111/j.1475-4983.2010.01026.x",,
Dinicthydae_indet.,Placodermi,Frasnian,,,,,68,,Lelievre 1981,,NA,NA,NA,NA,NA,NA,NA,NA,NA,NA,NA,NA,CAN'T FIND,,
Chelyophorous_verneuli,Placodermi,Famennian,,,,,10,,Denison 1978,,Q1,Q0,Q0,NA,0,NA,NA,NA,0,NA,NA,NA,"CAN'T FIND, Denison 1978. UPDATE: Acquired Denison 1978, p.27 fig.16 E, cranial roof. ",,
Ptyctodus_major,Placodermi,Famennian,,,,,160,,Denison 1978,,NA,NA,NA,NA,NA,NA,NA,NA,NA,NA,NA,NA,"CAN'T FIND, Denison 1978. UPDATE: Acquired Denison, no image present. ",,
Africanaspis_doryssa,Placodermi,Famennian,,,,,37,,Long et al. 1997,,0,NA,NA,NA,1,1,1,NA,0,NA,NA,NA,"Long et al. 1997, figs. 12-13, trunk plates. Very tall MD plate, possible spine?? https://www.jstor.org/stable/4523805 ",,
Bungartius_perissus,Placodermi,Famennian,,,,,200,,Denison 1978,,1,1,0,NA,1,0,1,NA,0,NA,NA,NA,"CAN'T FIND, Denison 1978.  UPDATE: Acquired Denison, p.102, fig.81, line drawing reconstruction of head and thoracic shield.",,
Diplognathus_mirabilis,Placodermi,Famennian,,,,,540,,Denison 1978,,NA,NA,NA,NA,NA,NA,NA,NA,NA,NA,NA,NA,"CAN'T FIND, Denison 1978.  UPDATE: Acquired Denison, no image present. ",,
Diplognathus_lafargei,Placodermi,Famennian,,,,,44,,Carr & Jackson 2005,,1,1,0,NA,1,0,1,NA,0,NA,NA,NA,"Carr & Jackson 2005, figs. 2-5,  incomplete disarticulated specimen, jaw + head plates + some posterior plates. http://dx.doi.org/10.4072/rbp.2005.2.03",,
Dunkleosteus_terrelli,Placodermi,Famennian,,,,,800,,Denison 1978,,1,1,0,NA,1,0,1,NA,0,NA,NA,NA,"Carr et al. 2010, fig. 6 c, complete head, thoracic armour, pectoral fin. https://www.researchgate.net/publication/235924133_The_ancestral_morphotype_for_the_gnathostome_pectoral_fin_revisited_and_the_placoderm_condition. Largest fish in the Devonian??  See also: 3D scan of amazingl well preserved head and thoracic armour, https://sketchfab.com/3d-models/cmnh-6090-dunkleosteus-terrelli-058e9a3493d44a88bf1b64b0e28c9ef5. And just for fun plush toy available here https://carnegiemnh.org/dunkleosteus-terrelli-plush/",,
Dunkleosteus_denisoni,Placodermi,Famennian,,,,,52,,Kulczycki 1957,,0,NA,NA,NA,1,0,1,NA,0,NA,NA,NA,"Kulczycki 1957, fig. 10, (line drawing) median dorsal plate. https://www.app.pan.pl/article/item/app02-285.html",,
Dunkleosteus_missouriensis,Placodermi,Famennian,,,,,190,,Branson 1914,,NA,NA,NA,NA,NA,NA,NA,NA,NA,NA,NA,NA,CAN'T FIND,,
Dunkleosteus_marsaisi,Placodermi,Famennian,,,,,190,,Denison 1978,,NA,NA,NA,NA,NA,NA,NA,NA,NA,NA,NA,NA,"CAN'T FIND, Denison 1978.  UPDATE: Acquired Denison, no image present. ",,
Eastmanosteus_tubercultatus,Placodermi,Famennian,,,,,120,,Dennis-Bryan 1987,,NA,NA,NA,NA,NA,NA,NA,NA,NA,NA,NA,NA,CAN'T FIND,,
Glyptaspis_verrucosa,Placodermi,Famennian,,,,,800,,Denison 1978,,0,NA,NA,NA,1,0,1,NA,0,NA,NA,NA,"Boylan & Murphy 1978, figs. 1-5., sp. known from four disartiuclated thoracic armour plates. https://digitallibrary.amnh.org/handle/2246/2969",,
Gorgonichthys_clarki,Placodermi,Famennian,,,,,390,,Denison 1978,,1,1,0,NA,0,NA,NA,NA,0,NA,NA,NA,"CAN'T FIND, Denison 1978. UPDATE: Acquired Denison, p.86-87. figs. 68 C + 69 D, skull reconstruction ",,
Groenlandaspis_riniensis,Placodermi,Famennian,,,,,90,,Long et al. 1997,,1,1,0,NA,1,0,1,NA,0,NA,NA,NA,"Long et al. 1997, figs. 3-7, scattered plates of trunk/head shields. http://dx.doi.org/10.1080/02724634.1997.10010973",,
Groenlandaspis_mirabilis,Placodermi,Famennian,,,,,110,,Daeschler and Frumes 2003,,NA,NA,NA,NA,NA,NA,NA,NA,NA,NA,NA,NA,"CAN't FIND, Daeschler paper does not contain image this sp.",,
Groenlandaspis_thorezi,Placodermi,Famennian,,,,,24,,Clement and Janvier 2005,,0,NA,NA,NA,1,0,1,NA,0,NA,NA,NA,"Clement and Janvier 2005, pl. 1-2, holotype assorted thoracic plates. https://core.ac.uk/download/pdf/35118547.pdf",,
Groenlandaspis_pennsylvanica,Placodermi,Famennian,,,,,100,,Daeschler and Frumes 2003,,0,NA,NA,NA,1,0,1,NA,0,NA,NA,NA,"Daeschler and Frumes 2003, fig 2, assorted trunk plates. https://journals.australian.museum/daeschler-et-al-2003-rec-aust-mus-551-4560/. See also Median dorsal plate http://www.devoniantimes.org/who/pages/groenlandapsis.html",,
Groenlandaspis_disjectus,Placodermi,Famennian,,,,,85,,Daeschler and Frumes 2003,,NA,NA,NA,NA,NA,NA,NA,NA,NA,NA,NA,NA,"Found this potential pic but I can't make it out, some kind of plate? https://artsandculture.google.com/asset/groenlandaspis-disjectus-woodward-1891/pAHflUMBQGFysg",,
Gymnotrachelus_hydei,Placodermi,Famennian,,,,,84,,Denison 1978,,1,1,0,NA,1,0,1,NA,0,NA,NA,NA,"Carr 1994, figs. 1.3-1.12, partial articulated head shield, assorted thoracic plates, pectoral girdle. https://www.proquest.com/docview/304117103",,
Heinzichthys_gouldi,Placodermi,Famennian,,,,,140,,Denison 1978,,0,NA,NA,NA,0,NA,NA,NA,0,NA,NA,NA,Only image available is cast of jaw. https://fossils.valdosta.edu/fossil_pages/fossils_dev/f67.html,,
Holdenius_holdeni,Placodermi,Famennian,,,,,590,,Denison 1978,,NA,NA,NA,NA,NA,NA,NA,NA,NA,NA,NA,NA,Head and jaw but image not labelled cannot fully make it out. Unable to find linked paper. Animal died in proccess of predation due to prey spine :0 https://www.science20.com/between_death_and_data/candidate_darwin_award_370ma_placoderm-77163,,
Hussakofia_minor,Placodermi,Famennian,,,,,96,,Denison 1978,,0,NA,NA,NA,Q1,Q0,Q1,NA,0,NA,NA,NA,"CAN’T FIND, Denison 1978. Reference in Carr 1994 that sp. known only from fragmentary material. UPDATE: Acquired Denison, p.86. fig. 68 E, median dorsal plate",,
Mylostoma_varibile,Placodermi,Famennian,,,,,120,,Denison 1978,,0,NA,NA,NA,0,NA,NA,NA,0,NA,NA,NA,"Hlavin & Boreske 1973, figs. 1-2, Known only from gnathal elements. https://www.biodiversitylibrary.org/page/6590027#page/61/mode/1up",,
Paramylostoma_arcualis,Placodermi,Famennian,,,,,71,,Denison 1978,,NA,NA,NA,NA,NA,NA,NA,NA,NA,NA,NA,NA,"CAN'T FIND, Denison 1978.  UPDATE: Acquired Denison, p.85 fig.67 N, infragnathal only.",,
Selenosteus_brevis,Placodermi,Famennian,,,,,87,,Denison 1978,,1,1,0,NA,1,0,1,NA,0,NA,NA,NA,"CAN'T FIND, Denison 1978.  UPDATE: Acquired Denison, p. 98 fig. 78 A, cranial thoracic shield only",,
Stenosteus_glaber,Placodermi,Famennian,,,,,110,,Denison 1978,,NA,NA,NA,NA,NA,NA,NA,NA,NA,NA,NA,NA,"CAN'T FIND, Denison 1978.  UPDATE: Acquired Denison, p.85 fig.67 H, infragnathal only, p.98 fig.78 D-E, median dorsal plate and suborbital bone.",,
Tafilalichthys_lavocati,Placodermi,Famennian,,,,,130,,Denison 1978,,1,1,0,NA,1,0,1,NA,0,NA,NA,NA,"CAN'T FIND, Denison 1978.  UPDATE: Acquired Denison, p.99 fig.79 B, dorsal view cranial and trunk shields",,
Titanichthys_agassizi,Placodermi,Famennian,,,,,490,,Denison 1978,,NA,NA,NA,NA,NA,NA,NA,NA,NA,NA,NA,NA,Can’t find an image. Possible filter feeder? Coatham et al 2020.,,
Titanichthys_attenuatus,Placodermi,Famennian,,,,,440,,Denison 1978,,NA,NA,NA,NA,NA,NA,NA,NA,NA,NA,NA,NA,"CAN'T FIND, Denison 1978.  UPDATE: Acquired Denison, no images present",,
Titanichthys_clarkii,Placodermi,Famennian,,,,,490,,Newberry 1889,,1,1,0,NA,1,0,1,NA,0,NA,NA,NA,"Boyle and Ryan 2017, figs. 2-16, disarticulated head plates jaw and thoracic plates.https://doi.org/10.1017/jpa.2016.136",,
Titanichthys_kozlowskii,Placodermi,Famennian,,,,,500,,Kulczycki 1957,,1,1,0,NA,0,NA,NA,NA,0,NA,NA,NA,"Kulczycki 1957, fig. 11, (line drawing) head sheild fragments. https://www.app.pan.pl/article/item/app02-285.html",,
Titanichthys_termieri,Placodermi,Famennian,,,,,120,,Denison 1978,,NA,NA,NA,NA,NA,NA,NA,NA,NA,NA,NA,NA,"CAN'T FIND, Denison 1978.  UPDATE: Acquired Denison, no images present",,
Trachosteus_clarki,Placodermi,Famennian,,,,,75,,Denison 1978,,0,NA,NA,NA,0,NA,NA,NA,0,NA,NA,NA,"Stack & Sallan, fig. 7, inferognathal only. https://dx.doi.org/10.7717%2Fpeerj.5636",,
Sinolepis_macrocephala,Placodermi,Famennian,,,,,32,,Denison 1978,,Q1,Q1,0,NA,Q1,Q0,Q1,NA,Q1,Q0,Q0,NA,"Zhao & Zhu 2010, fig. 5 (line drawing only), interpretation of living specimen. http://dx.doi.org/10.1016/j.palwor.2009.11.007",,
Bothriolepis_alvesiensis,Placodermi,Famennian,,,,,46,,Denison 1978,,NA,NA,NA,NA,NA,NA,NA,NA,NA,NA,NA,NA,"CAN'T FIND, Denison 1978. Corrected typo in sp. name (avensis [sic] -> alvesiensis).  UPDATE: Acquired Denison, no images present",,
Bothriolepis_cristata,Placodermi,Famennian,,,,,35,,Denison 1978,,NA,NA,NA,NA,NA,NA,NA,NA,NA,NA,NA,NA,"CAN'T FIND, Denison 1978.  UPDATE: Acquired Denison, no images present",,
Bothriolepis_gigantea,Placodermi,Famennian,,,,,97,,Denison 1978,,0,NA,NA,NA,1,0,1,NA,0,NA,NA,NA,Dorso-lateral plate. http://collections.gla.ac.uk/#/details/ecatalogue/4432,,
Bothriolepis_groenlandica,Placodermi,Famennian,,,,,85,,Denison 1978,,NA,NA,NA,NA,NA,NA,NA,NA,NA,NA,NA,NA,"CAN'T FIND, Denison 1978.  UPDATE: Acquired Denison, no images present",,
Bothriolepis_lohesti,Placodermi,Famennian,,,,,19,,Denison 1978,,1,1,0,NA,1,1,1,NA,0,NA,NA,NA,"Olive 2013, fig. 3 assorted dermal plates, spines on pectoral fin. http://dx.doi.org/10.4202/app.00015.2013",,
Bothriolepis_paradoxa,Placodermi,Famennian,,,,,48,,Denison 1978,,Q1,Q1,Q0,NA,Q0,NA,NA,NA,Q0,NA,NA,NA,"Assorted plates, unlabelld but I think headshield? http://collections.gla.ac.uk/#/search?module=all&term=bothriolepis%20paradoxa",,
Remigolepis_cristata,Placodermi,Famennian,,,,,24,,Denison 1978,,NA,NA,NA,NA,NA,NA,NA,NA,NA,NA,NA,NA,"CAN'T FIND, Denison 1978.  UPDATE: Acquired Denison, no images present",,
Remigolepis_acuta,Placodermi,Famennian,,,,,48,,Denison 1978,,NA,NA,NA,NA,NA,NA,NA,NA,NA,NA,NA,NA,"CAN'T FIND, Denison 1978. Corrected typo in sp. name (acusta [sic] ->  acuta). UPDATE: Acquired Denison, no images present",,
Remigolepis_kochi,Placodermi,Famennian,,,,,35,,Denison 1978,,NA,NA,NA,NA,NA,NA,NA,NA,NA,NA,NA,NA,"CAN'T FIND, Denison 1978.  UPDATE: Acquired Denison, no images present",,
Phyllolepis_tolli,Placodermi,Famennian,,,,,50,,Denison 1978,,0,NA,NA,NA,1,0,1,NA,0,NA,NA,NA,Anterior ventro-lateral plate. https://www.europeana.eu/en/item/08560/PubliskaPrieksmetuInformacijasApskate_aspx_id_253631,,
Dinichthys_corrugatus,Placodermi,Famennian,,,,,180,,Branson 1914,,NA,NA,NA,NA,NA,NA,NA,NA,NA,NA,NA,NA,CAN'T FIND,,
Turrisaspis_elektor,Placodermi,Famennian,,,,,22,,Daeschler et al. 2003,,1,1,0,NA,1,1,1,NA,0,NA,NA,NA,"Daeschler et al. 2003, figs. 6-9, assorted trunk plates partial headshield. Very prominent point to median dorsal plate which I am counting as spine. https://media.australian.museum/media/Uploads/Journals/17953/1374_complete.pdf",,
Tiaraspis_subtilis,Placodermi,Famennian,,,,,110,,Daeschler and Frumes 2003,,1,1,NA,NA,1,1,1,NA,0,NA,NA,NA,"Schultze 1983, fig. 4, head and trunk plates. Very tall pointed median dorsal plate that I am counting as a spine. https://www.biodiversitylibrary.org/page/34925669#page/381/mode/1up",,
Hillsaspis_gippslandiensis,Placodermi,Famennian,,,,,20,,Denison 1978,,0,NA,NA,NA,1,1,1,NA,NA,NA,NA,NA,"CAN'T FIND, Denison 1978. No trace of sp. or gen. on web, possible typo?  UPDATE: Acquired Denison, p.108 fig. 86D, trunk shield with spines(!). Corrected typo in name (Hillalepis gippslandensis [sic] ->  Hillsaspis gippslandiensis )",,
Livnolepis_zadonica,Placodermi,Famennian,,,,,80,,Moloshnikov 2008,,1,1,0,NA,1,0,1,NA,0,NA,NA,NA,"MOLOSHNIKOV 2004, fig. 4+8, head and trunk shields. https://www.app.pan.pl/archive/published/app49/app49-135.pdf Note: Bothriolepis zadonica is synonym. ",,
Kirgisolepis_karabaltaensis,Placodermi,Famennian,,,,,46,,Vorobyeva & Panteleyev 2005,,1,1,0,NA,1,1,1,NA,0,NA,NA,NA,"Moloshikov 2012, pl. 1 fig. 5, cranial roof and trunk shield. Prominent sharp median dorsal that I am counting as spine. https://link.springer.com/article/10.1134/S0031030112100012",,
Ningxialepis_spinosa,Placodermi,Famennian,,,,,11.5,,Jia et al. 2010,,1,1,0,NA,1,1,1,NA,0,NA,NA,NA,"Jia et al. 2010 figs. 2+4, nearly complete trunk armour with partial headshield. https://doi.org/10.1016/j.palwor.2010.02.002 VERY SPINY!! On pectoral fins and trunk.",,
Youngolepis_sp.,Sarcopterygii,Lochkovian,,,,,50,,Long 2011,,NA,NA,NA,NA,NA,NA,NA,NA,NA,NA,NA,NA,CAN'T FIND,,
Youngolepis_praecursor,Sarcopterygii,Lochkovian-Pragian,,,,,30,,Wang et al. 2010,,1,0,0,NA,0,NA,NA,NA,0,NA,NA,NA,"Zhang and Xu 1980, pl. i-ii, near complete skull. https://www.sciengine.com/publisher/scp/journal/Math%20A0/24/1/10.1360/ya1981-24-1-89?slug=fulltext",,
Powichthys_sp.,Sarcopterygii,Lochkovian,,,,,50,,Long 2011,,NA,NA,NA,NA,NA,NA,NA,NA,NA,NA,NA,NA,CAN'T FIND,,
Psarolepis_romeri,Sarcopterygii,Lochkovian,,,,,13,,Yu 1998,,1,0,0,NA,0,NA,NA,NA,0,NA,NA,NA,"Yu 1998, figs. 2,4,6, cranial portions + lower jaws. https://doi.org/10.1080/02724634.1998.10011055",,
Achoania_jarviki,Sarcopterygii,Lochkovian,,,,,16,,Zhu et al. 2001,,1,0,0,NA,0,NA,NA,NA,0,NA,NA,NA,"Zhu et al. 2001, figs.1-2, near complete cranial skeleton. https://www.nature.com/articles/35065078",,
Styloichthys_changae,Sarcopterygii,Lochkovian,,,,,16,,Zhu & Yu 2002,,Q1,Q0,Q0,NA,0,NA,NA,NA,0,NA,NA,NA,"Zhu & Yu 2002, fig. 1 anterior cranial portion. https://www.nature.com/articles/nature00871",,
Meemannia_eos,Sarcopterygii,Lochkovian,,,,,10,,Zhao & Zhu 2010,,Q1,Q0,Q0,NA,0,NA,NA,NA,0,NA,NA,NA,"Zhu et al. 2006, fig.1, skull roof. https://doi.org/10.1038/nature04563 Paper mentions that Meemannia ""mixture of basal actinopterygian and sarcopterygian features"", found more recent paper Lu et al. 2012 classifying it as oldest known actinopterygian. Corrected typo in gen. name (Meemania [sic] ->  Meemannia)",,
Diabolepis_speratus,Sarcopterygii,Lochkovian,,,,,15,,Chang & Yu 1984,,1,0,0,NA,0,NA,NA,NA,0,NA,NA,NA,"Chang & Yu 1984, figs.1-2, skull roof. https://www.biodiversitylibrary.org/page/34925485#page/197/mode/1up",,
Westollrhynchus_lehmanni,Sarcopterygii,Pragian-Emsian,,,,,69,,Schultze 2001,,Q1,Q0,Q0,NA,0,NA,NA,NA,0,NA,NA,NA,"Schultze 2001, fig. 7, skull roof. https://www.doi.org/10.1671/0272-4634(2001)021[0781%3AMAPDFT]2.0.CO%3B2 Corrected typo in sp. name (lehmani[sic] ->lehmanni)",,
Qingmenodus_yui,Sarcopterygii,Pragian,,,,,70,,Long 2011,,1,0,0,NA,0,NA,NA,NA,0,NA,NA,NA,"Lu et al 2016, fig.1 cranial portion. https://www.doi.org/10.1126/sciadv.1600154",,
Bukkanodus_jesseni,Sarcopterygii,Pragian,,,,,20,,Long 2011,,1,0,0,NA,0,NA,NA,NA,0,NA,NA,NA,"Johanson et al. 2007, figs. 2-6, disarticulated elements of cranial skeleton.  https://doi.org/10.1666/pleo05-023.1",,
Euporosteus_yunnanensis,Sarcopterygii,Pragian,,,,,12,,Zhu et al. 2012,,Q1,Q0,Q0,NA,0,NA,NA,NA,0,NA,NA,NA,"Zhu et al. 2012, fig. 3, skull portion (parietonasal shield). https://doi.org/10.1038/ncomms1764",,
Uranolophus_wyomingensis,Sarcopterygii,Pragian-Emsian,,,,,30,,Frickhinger 1991,,0,NA,NA,NA,1,0,0,NA,1,0,0,NA,"Frickhinger 1995, Fossil Atlas: Fishes, p.977, postcranial portion.",,
Dipnorhynchus_sussmilchi,Sarcopterygii,Emsian,,,,,57.8,,Bernacsek & Carroll 1981,,1,0,0,NA,0,NA,NA,NA,0,NA,NA,NA,"Sherbon Hills 1941, pl. IX, skull. http://www.doi.org/10.3853/j.0067-1975.21.1941.525",,
Dipnorhynchus_cathlesae,Sarcopterygii,Emsian,,,,,140,,Campbell et al. 2009,,Q0,Q0,Q0,NA,0,NA,NA,NA,0,NA,NA,NA,"Campbell and Barwick 1999, fig. 3, mandible only and this fossil is basis for sp. description. http://www.doi.org/10.3853/j.0067-1975.51.1999.1301",,
Speonedydrion_iani,Sarcopterygii,Emsian,,,,,55,,Chang & Wang 1995,,NA,NA,NA,NA,NA,NA,NA,NA,NA,NA,NA,NA,CAN'T FIND no trace of this sp. online possible typo in name.,,
