Family Name,Group (Order),Age (in Mya),Environement (terrestrial/aquatic),Source,Body length (m),Body mass (kg),"Diet (herbivore, omnivore,carnivore, small stuff eater)",Head presence,Head surface,Head projections,Head function,Body presence,Body projections,Body surface,Body function,Tail presence,Tail projections,Tail surface,Tail function,Notes
Acanthuridae,Perciformes,"Extant, earliest occurrence Eocene (wiki)",Marine,"fishbase, adw",0.165,NA,herbivore and carnivore (sometimes feeds in schools),1,0,0,NA,1,1,0,NA,1,0,0,NA,"dorsal f.s., anal f.s."
Acestrorhynchidae,Charachiformes,Extant,Freshwater,fishbase,0.225,NA,carnivore,1,0,0,NA,1,0,0,NA,1,0,0,NA,
Achiridae,Pleuronectiformes,Extant,"Freshwater, brackish, marine","fishbase (Krupp, F 1995)",0.091,NA,carnivore,1,0,0,NA,1,1,0,NA,1,0,0,NA,
Acropomatidae,Perciformes,"Extant, earliest occurrence Eocene (wiki)",Marine,fishbase (Nelson 2006); fao.org,0.072,NA,?,1,0,1,NA,1,1,0,NA,1,0,0,NA,"dorsal f.s., anal f.s., pelvic f.s.; opercle w 2 rounded spines"
Adrianichthyidae,Beloniformes,Extant,"Freshwater, brackish","fishbase (Nelson JS 1994), fao (http://www.fao.org/3/a-x2400e/x2400e09.pdf)",0.028,NA,omnivore,1,0,0,NA,1,1,0,NA,1,0,0,NA,"dorsal f.s. (Price et al), but not mentioned in other sources"
Agonidae,Scorpaeiniformes,Extant,Marine,"fishbase, wiki",0.074,NA,carnivore,1,0,0,NA,1,1,0,NA,1,0,0,NA,dorsal f.s.
Akysidae,Siluriformes,Extant,Freshwater,"fishbase, wiki; http://www.mapress.com/zootaxa/2004f/zt00733.pdf; 10.1111/j.1095-8649.2001.tb02260.x",0.027,NA,carnivore,1,0,0,NA,1,1,1,NA,1,0,0,NA,"barbed dorsal f.s., unbarbed pectoral f.s. in some, unculiferous tubercles along body in some"
Albulidae,Albuliformes,"Extant, earliest occurrence Paleocene","Freshwater, brackish, marine","fishbase (Berg LS 1958; Nelson JS 1984), wiki",0.23,NA,carnivore,1,0,0,NA,1,0,0,NA,1,0,0,NA,
Alepisauridae,Aulopiformes,Extant,Marine,"fishbase, wiki",0.83,NA,carnivore,1,0,0,NA,1,0,0,NA,1,0,0,NA,can be cannibals!
Alepocephalidae,Osmeriformes,Extant,Marine,"fishbase, wiki, fao (ftp://ftp.fao.org/docrep/fao/009/ad468e/AD468eAO.pdf); https://www.cambridge.org/core/services/aop-cambridge-core/content/view/86EF2B1BF640A2C0C6DE889C0639416C/S0025315400044507a.pdf/feeding-habits-of-alepocephalus-rostratus-pisces-alepocephalidae-in-the-western-mediterranean-sea.pdf",0.36,NA,carnivore,1,0,0,NA,1,0,0,NA,1,0,0,NA,no scales on head
Alestidae,Charachiformes,Extant,Freshwater,fishbase,0.187,NA,carnivore?,1,0,0,NA,1,0,0,NA,1,0,0,NA,
Ambassidae,Perciformes,"Extant, earliest occurrence Paleocene","Freshwater, brackish, marine","fishbase, wiki, http://www.tandfonline.com/doi/abs/10.1080/02541858.1983.11447838",0.043,NA,carnivore,1,0,0,NA,1,1,0,NA,1,0,0,NA,"dorsal f.s., anal f.s."
Amblycipitidae,Siluriformes,Extant,Freshwater,"fishbase, wiki",0.096,NA,carnivore,1,0,0,NA,1,1,0,NA,1,0,0,NA,"weak dorsal f.s., barbed; pectoral f.s., anal f.s."
Amblyopsidae,Percopsiformes,Extant,Freshwater,fishbase (Nelson JS 1984),0.066,NA,carnivore,1,0,0,NA,1,1,0,NA,1,0,0,NA,"dorsal f.s., anal f.s., can be absent; adapted for living in dark environments"
Ammodytidae,Perciformes,"Extant, earliest occurrence Eocene (wiki)",Marine,fishbase (Berg LS 1958; Nelson JS 1984). Wiki,0.076,NA,carnivore,1,0,0,NA,1,1,0,NA,1,0,0,NA,dorsal f.s. (Price et al.) but fishbase says none; fao reports dorsal and anal. Lives in the sand
Amphiliidae,Siluriformes,Extant,Freshwater,"fishbase, wiki, https://www.sfos.uaf.edu/directory/faculty/rosenberger/73_Amphilius.pdf",0.728,NA,carnivore,1,0,0,NA,1,1,0,NA,1,0,0,NA,pectoral f.s. (Price et al); fishbase says most do not have pectoral f.s.; wiki says pectoral f.s. can be weakly developed
Anabantidae,Perciformes,"Extant, earliest occurrence earliest teriary","Freshwater, brackish","fishbase (Nelson JS 1994; Berg LS 1958), wiki",0.066,NA,carnivore,1,0,0,NA,1,1,0,NA,1,0,0,NA,"dorsal f.s., anal f.s."
Anablepidae,Cyprinodontiformes,Extant,"Freshwater, brackish, marine",fishbase,0.13,NA,omnivore?,1,0,0,NA,1,1,0,NA,1,0,0,NA,"dorsal f.s., anal f.s."
Anarhichadidae,Perciformes,Extant,Marine,"fishbase (Mecklenburg 2003), wiki",0.488,NA,carnivore,1,0,0,NA,1,1,0,NA,1,0,0,NA,"dorsal f.s., anal f.s.; bottom feeder"
Anguillidae,Anguilliformes,"Extant, early Paleocene (Danian)",Freshwater (spawns marine),wiki,0.398,NA,?,1,0,0,NA,1,1,0,NA,1,1,0,NA,
Anomalopidae,Beryciformes,Extant,Marine,"fishbase (Nelson JS 1984), wiki",0.151,NA,carnivore,1,0,0,NA,1,1,0,NA,1,0,0,NA,"dorsal f.s., anal f.s., bioluminescent"
Anoplogastridae,Beryciformes,Extant,Marine,fishbase,0.102,NA,carnivore,1,0,0,NA,1,1,0,NA,1,0,0,NA,"dorsal f.s., anal f.s."
Anoplopomatidae,Scorpaeiniformes,"Extant, Miocene",Marine,fishbase (Mecklenberg 2003; Berg LS 1958),0.21,NA,carnivore,1,0,0,NA,1,1,0,NA,1,0,0,NA,"dorsal f.s., anal f.s."
Anostomidae,Characiformes,Extant,Freshwater,fishbase (Nelson 1994),0.184,NA,"herbivore, detritivore",1,0,0,NA,1,0,0,NA,1,0,0,NA,
Anotopteridae,Aulopiformes,Extant,Marine,"fishbase (Nelson JS 1984), wiki",0.666,NA,carnivore?,1,0,0,NA,1,0,0,NA,1,0,0,NA,Scaleless
Antennariidae,Lophiformes,"Extant, Eocene, Miocene",Marine,"fishbase (Pietsch TW and Grobecker DB 1987, Berg LS 1958), wiki",0.071,NA,carnivore,1,0,1,NA,1,1,0,NA,1,0,0,NA,"dorsal f.s., anal f.s., anglerfish!!!!"
Aphredoderidae,Percopsiformes,Extant,Freshwater,"fishbase (Berg LS 1958; Nelson JS 1984), wiki",0.072,NA,carnivore,1,0,0,NA,1,1,0,NA,1,0,0,NA,"dorsal f.s., anal f.s."
Aploactinidae,Scorpaeiniformes,Extant,Marine,fishbase (Nelson 1994),0.069,NA,carnivore,1,0,1,NA,1,1,0,NA,1,0,0,NA,"head projections (fishbase), dorsal f.s., anal f.s."
Aplocheilidae,Cyprinodontiformes,Extant,"Freshwater, brackish","fishbase (Nelson 1994), fao (http://www.fao.org/3/a-x2400e/x2400e13.pdf)",0.052,NA,omnivore,1,0,0,NA,1,1,0,NA,1,0,0,NA,"dorsal f.s., anal f.s."
Apogonidae,Perciformes,"Extant, Eocene","Freshwater, brackish, marine",fishbase (Nelson JS 1984; Berg LS 1958); fao (ftp://ftp.fao.org/docrep/fao/009/x2400e/x2400e47.pdf),0.066,NA,"planktivore, carnivore",1,0,0,NA,1,1,0,NA,1,0,0,NA,"dorsal f.s., anal f.s."
Apteronotidae,Gymnotiformes,Extant,Freshwater,fishbase (Albert JS 2003),0.311,NA,"piscivore, planktivore",1,0,0,NA,1,0,0,NA,1,0,0,NA,
Arapaimidae,Osteoglossiformes,"Extant, Late Triassic",Freshwater,fishbase (Ferraris CJ Jr 2003); wiki,0.28,NA,carnivore (fish and birds),1,0,0,NA,1,0,0,NA,1,0,0,NA,
Argentinidae,Osmeriformes,Extant,Marine,"fishbase (Nelson 1994), wiki",0.213,NA,carnivore,1,0,0,NA,1,0,0,NA,1,0,0,NA,
Ariidae,Siluriformes,Extant,"Freshwater, brackish, marine","fishbase, wiki, fao (ftp://ftp.fao.org/docrep/fao/009/ad468e/AD468eAU.pdf)",0.227,NA,carnivore,1,0,0,NA,1,1,0,NA,1,0,0,NA,"dorsal f.s. (fao), anal f.s., pectoral f.s.; crucifix catfish"
Ariommatidae,Perciformes,Extant,Marine,fishbase (Nelson JS 1984),0.138,NA,?,1,0,0,NA,1,1,0,NA,1,0,0,NA,"dorsal f.s., anal f.s."
Arripidae,Perciformes,Extant,"Brackish, Marine","fishbase (Nelson JS 1984), wiki",0.122,NA,carnivore,1,0,0,NA,1,1,0,NA,1,0,0,NA,"dorsal f.s., anal f.s."
Artedidraconidae,Perciformes,Extant,Marine,"fishbase (Eakin RR 1990), wiki",0.07,NA,carnivore,1,1,1,NA,1,1,0,NA,1,0,0,NA,"dorsal f.s., anal f.s., operculum has a hook-like spine (wiki)?; has a mental barber"
Aspredinidae,Siluriformes,Extant,"Freshwater, brackish","fishbase (Nelson 1994), wiki",0.286,NA,carnivore,1,0,0,NA,1,1,1,NA,1,0,0,NA,"pectoral f.s., dorsal f.s.; unculiferous tubercles on body (fishbase, wiki)"
Ateleopodidae,Ateleopodiformes,Extant,Marine,fishbase (Nelson 1994),0.193,NA,?,1,0,0,NA,1,0,0,NA,1,0,0,NA,Largely cartilaginous skeleton
Atherinidae,Atheriniformes,Extant,"Freshwater, brackish, marine",fishbase (Dyer BS and Chernoff B 1996),0.064,NA,planktivore,1,0,0,NA,1,1,0,NA,1,0,0,NA,dorsal f.s.; anal f.s. (fishbase)
Atherinopsidae,Atheriniformes,Extant,"Freshwater, brackish, marine",fishbase (Dyer BS 2003),0.086,NA,carnivore,1,0,0,NA,1,1,0,NA,1,0,0,NA,dorsal f.s.; anal f.s. (fishbase)
Auchenipteridae,Siluriformes,Extant,"Freshwater, brackish",fishbase (Nelson JS 1984),0.174,NA,carnivore,1,0,0,NA,1,1,0,NA,1,0,0,NA,"dorsal f.s., pectoral f.s."
Aulorhynchidae,Gasterosteiformes,Extant,Marine,"fishbase (Nelson 1994, wiki)",0.118,NA,planktivore,1,0,0,NA,1,1,0,NA,1,0,0,NA,"dorsal f.s., anal f.s."
Aulostomidae,Sygnathiformes,"Extant, Eocene",Marine,"fishbase (Berg LS 1958; Nelson JS 1984), wiki",0.223,NA,carnivore,1,0,0,NA,1,1,0,NA,1,0,0,NA,dorsal f.s.
Bagridae,Siluriformes,"Extant, Paleocene","Freshwater, brackish","fishbase (Nelson 1994), (Berg 1958); https://www.mysciencework.com/publication/download/aedb4d4b454c7cfc1d7dbe0fdacf4078/2729a4e97ed3b9b745182b380ba388a9",0.205,NA,omnivore,1,0,0,NA,1,1,0,NA,1,0,0,NA,"dorsal f.s., pectoral f.s."
Balitoridae,Cyprinioformes,Extant,Freshwater,fishbase,0.058,NA,herbivore?,1,0,0,NA,1,0,0,NA,1,0,0,NA,
Bathydraconidae,Perciformes,Extant,Marine,fishbase (Nelson JS 1984); http://www.ohio.edu/people/eastman/reprints/080%20La%20Mesa%20et%20al.%202007%20Polar%20Biol.pdf,0.125,NA,carnivore,1,0,0,NA,1,1,0,NA,1,0,0,NA,"dorsal f.s. according to Price et al., but ""no spinous dorsal fin"" according to Nelson et al. 2016"
Bathylagidae,Osmeriformes,Extant,Marine,"fishbase (Nelson 1994), wiki",0.136,NA,"planktivore, carnivore",1,0,0,NA,1,0,0,NA,1,0,0,NA,
Bathymasteridae,Perciformes,Extant,Marine,"fishbase (Mecklenburg 2003), wiki",0.133,NA,carnivore,1,0,0,NA,1,1,0,NA,1,0,0,NA,dorsal f.s.
Bathysauridae,Aulopiformes,Extant,Marine,"fishbase (Nelson 2006), wiki",0.355,NA,carnivore,1,0,0,NA,1,0,0,NA,1,0,0,NA,hermaphrodites and apex predators
Batrachoididae,Batrachoidiformes,Extant,"Freshwater, brackish, marine","fishbase (Nelson 1994), wiki",0.052,NA,omnivore,1,0,0,NA,1,1,0,NA,1,0,0,NA,dorsal f.s.
Belonidae,Beloniformes,"Extant, middle Oligocene","Freshwater, brackish, marine","fishbase (Collette BB, 2003); Nelson et al 2016, wiki",0.154,NA,carnivore,1,0,0,NA,1,1,0,NA,1,0,0,NA,"dorsal f.s. according to Price et al, but ""no spines in fins"" according to fishbase and no mention of them being present in Nelson et al 2016"
Bembridae,Scorpaeniformes,Extant,Marine,"fishbase (Nelson 1994, wiki), fao(ftp://ftp.fao.org/docrep/fao/009/x2400e/x2400e28.pdf), other (http://www.oceandocs.org/bitstream/handle/1834/955/WIO262.pdf?sequence=1&isAllowed=y)",0.147,NA,?,1,0,1,NA,1,1,0,NA,1,0,0,NA,"dorsal f.s. according to Price et al, according to fao, lot sof spines in dorsal fin and also head has preopercular spine and 4-6 other head spines"
Berycidae,Beryciformes,Extant,Marine,"fishbase (Berg LS 1958; Nelson JS 1984), wiki (http://www.sciencedirect.com/science/article/pii/S0165783601002697)",0.153,NA,carnivore,1,0,0,NA,1,1,0,NA,1,0,0,NA,dorsal f.s.
Blenniidae,Perciformes,Extant,"Freshwater, brackish, marine",fishbase (Nelson 1994),0.078,NA,"planktivore, carnivore",1,0,0,NA,1,1,0,NA,1,0,0,NA,dorsal f.s.
Bothidae,Pleuronectiformes,"Extant, middle Miocene",Marine,fishbase (Berg LS 1958; Nelson JS 1994). Wiki,0.106,NA,carnivore,1,0,0,NA,1,1,0,NA,1,0,0,NA,dorsal f.s.
Bovichtidae,Perciformes,Extant,"Freshwater, brackish, marine",fishbase (Nelson 1994),0.089,NA,?,1,0,0,NA,1,1,0,NA,1,0,0,NA,dorsal f.s.
Bramidae,Perciformes,"Extant, upper Miocene",Marine,fishbase (Berg LS 1958; Nelson JS 1994). Wiki (ftp://ftp.fao.org/docrep/fao/009/y0770e/y0770e05.pdf) fao,0.24,NA,carnivore,1,0,0,NA,1,1,0,NA,1,0,0,NA,"dorsal f.s., anal f.s. (Price et al.); spines present on preopercular margin in young (fao); anal spines lost (Nelson et al. 2016)."
Bregmacerotidae,Gadiformes,"Extant, lower Eocene","Brackish, Marine",fishbase (Berg LS 1958; Nelson JS 1994). Wiki,0.057,NA,?,1,0,0,NA,1,1,0,NA,1,0,0,NA,"dorsal f.s., anal f.s."
Bythitidae,Ophidiiformes,Extant,"Freshwater, brackish, marine",fishbase (Nelson 1994),0.079,NA,?,1,0,1,NA,1,1,0,NA,1,0,0,NA,"dorsal f.s., anal f.s. (price et al.); opercular spine (fishbase and Nelson et al 2016); bear live young"
Caesionidae,Perciformes,Extant,Marine,fishbase (Carpenter KE 1988),0.089,NA,planktivore,1,0,0,NA,1,1,0,NA,1,0,0,NA,"dorsal f.s., anal f.s."
Callanthiidae,Perciformes,Extant,Marine,fishbase (Nelson 1994),0.143,NA,?,1,0,0,NA,1,1,0,NA,1,0,0,NA,"dorsal f.s., anal f.s."
Callichthyidae,Siluriformes,Extant (Tertiay; late Paleocene),Freshwater,fishbase (Berg LS 1958; Nelson JS 1994). Wiki,0.16,NA,?,1,1,0,NA,1,1,1,NA,1,0,0,NA,"dorsal f.s., anal f.s., pectoral f.s. (Price et al); scutes cover bodies. called armored catfish, but should really be known as the fartcatfish because of how it breathes air"
Callionymidae,Perciformes,Extant (Cretaceous),"Freshwater, brackish, marine",fishbase (Berg LS 1958; Nelson JS 1994). Wiki,0.108,NA,carnivore (inverts),1,0,1,NA,1,1,0,NA,1,0,0,NA,"dorsal f.s., anal f.s. (Price et al); spine on preopercle (fishbase, Nelson et al 2016)"
Caproidae,Perciformes,Extant (mid Oligocene),Marine,fishbase (Berg LS 1958; Nelson JS 1994). Wiki,0.081,NA,?,1,0,0,NA,1,1,0,NA,1,0,0,NA,"dorsal f.s., anal f.s."
Carangidae,Perciformes,Extant,"Brackish, Marine",fishbase (Berg LS 1958; Nelson JS 1984). Wiki,0.105,NA,"carnivore (inverts, fish)",1,0,0,NA,1,1,1,NA,1,0,0,NA,"dorsal f.s., anal f.s. (Price et al); scales along lateral line modified spiny scutes (fishbase)"
Carapidae,Ophidiiformes,Extant,Marine,fishbase (Markle and Olney 1990),0.16,NA,?,1,0,0,NA,1,1,0,NA,1,0,0,NA,"dorsal f.s., anal f.s."
Catostomidae,Cypriniformes,Extant (lower Eocene),"Freshwater, brackish",fishbase (Berg LS 1958; Nelson JS 1994). Wiki,0.212,NA,"carnivore (inverts, insects, fishes)",1,0,0,NA,1,0,0,NA,1,0,0,NA,
Centracanthidae,Perciformes,Extant (lower Eocene),Marine,fishbase (Berg LS 1958; Nelson JS 1984). Wiki,0.107,NA,Planktivore,1,0,0,NA,1,1,0,NA,1,0,0,NA,"dorsal f.s., anal f.s."
Centrarchidae,Perciformes,Extant (lower Eocene),Freshwater,fishbase (Berg LS 1958; Nelson JS 1984). Wiki,0.129,NA,omnivore (not compelling from wiki),1,0,0,NA,1,1,0,NA,1,0,0,NA,"dorsal f.s., anal f.s."
Centriscidae,Sygnathiformes,Extant,Marine,fishbase (Berg LS 1958; Nelson JS 1994). Wiki,0.128,NA,planktivore,1,0,0,NA,1,1,0,NA,1,0,0,NA,"dorsal f.s., anal f.s."
Centrogenyidae,Perciformes,Extant,"Brackish, Marine",fishbase (Nelson 2006),0.11,NA,"carnivore (small fish, shrimp, crab)",1,0,0,NA,1,1,0,NA,1,0,0,NA,"dorsal f.s., anal f.s."
Centrolophidae,Perciformes,Extant (Eocene),Marine,fishbase (Nelson 1994); wiki,0.18,NA,carnivore? (scavenger),1,0,0,NA,1,1,0,NA,1,0,0,NA,"dorsal f.s., anal f.s."
Centropomidae,Perciformes,Extant (Upper Cretaceous),"Freshwater, brackish, marine",fishbase (Berg LS 1958; Nelson JS 1994). Wiki,0.155,NA,?,1,0,0,NA,1,1,0,NA,1,0,0,NA,"dorsal f.s., anal f.s."
Cepolidae,Perciformes,Extant (upper Eocene),Marine,fishbase (Berg LS 1958; Nelson JS 1994). Wiki,0.117,NA,Planktivore,1,0,0,NA,1,1,0,NA,1,0,0,NA,"dorsal f.s., anal f.s."
Cetomimidae,Cetomimiformes,Extant,Marine,fishbase (Johnson et al. 2009),0.094,NA,?,1,0,0,NA,1,1,0,NA,1,0,0,NA,"dorsal f.s., anal f.s. (Price et al); spines not described in fishbase or Nelson et al 2016"
Cetopsidae,Siluriformes,Extant,Freshwater,fishbase (Nelson JS 1994); wiki,0.195,NA,"carnivore (insects-some eat carrion, fish, and people---wiki))",1,0,0,NA,1,0,0,NA,1,0,0,NA,"some in this famly have dorsal and pectoral f.s., but Price et al do not report any"
Chaenopsidae,Perciformes,Extant (upper Miocene),Marine,fishbase (Berg LS 1958; Nelson JS 1994). Wiki,0.036,NA,carnivore (crustaceans),1,0,0,NA,1,1,0,NA,1,0,0,NA,"dorsal f.s., anal f.s."
Chaetodontidae,Perciformes,Extant (lower Eocene),"Brackish, Marine",fishbase (Berg LS 1958; Nelson JS 1994). Wiki,0.109,NA,planktivore and coralivore,1,0,0,NA,1,1,0,NA,1,0,0,NA,"dorsal f.s., anal f.s."
Champsodontidae,Perciformes,Extant,Marine,fishbase (Nelson JS 1994); wiki,0.108,NA,?,1,0,0,NA,1,1,0,NA,1,0,0,NA,"dorsal f.s., anal f.s."
Chanidae,Gonorhynchiformes,Extant (lower Cretaceous),"Freshwater, brackish, marine",fishbase (Nelson JS 1984); wiki,0.185,NA,Carnivore (invert) and herbivore (algae),1,0,0,NA,1,1,0,NA,1,0,0,NA,"dorsal f.s., anal f.s."
Channichthyidae,Perciformes,Extant,Marine,wiki,0.142,NA,carnivore (fish and krill; ambush predator),1,0,0,NA,1,1,0,NA,1,0,0,NA,"dorsal f.s., anal f.s."
Channidae,Perciformes,Extant,Freshwater,fishbase (Nelson 1994); wiki,0.081,NA,"carnivore (fish, frogs, mammals)",1,0,0,NA,1,1,0,NA,1,0,0,NA,"dorsal f.s., anal f.s. (Price et al); fishbase and Nelson et al 2016 says no spines"
Characidae,Charachiformes,Extant (upper Miocene),Freshwater,fishbase (Berg LS 1958; Nelson JS 1994). Wiki,0.042,NA,herbivore? ,1,0,0,NA,1,0,0,NA,1,0,0,NA,
Chaunacidae,Lophiiformes,Extant,Marine,fishbase (Nelson 1994); wiki,0.049,NA,carnivore,1,0,0,NA,1,1,0,NA,1,0,0,NA,"dorsal f.s., anal f.s."
Cheilodactylidae,Perciformes,Extant,Marine,fishbase (Nelson 1994),0.229,NA,carnivore (inverts),1,0,0,NA,1,1,0,NA,1,0,0,NA,"dorsal f.s., anal f.s."
Chiasmodontidae,Perciformes,Extant,Marine,fishbase (Nelson 1994),0.207,NA,?,1,0,0,NA,1,1,0,NA,1,0,0,NA,"dorsal f.s., anal f.s."
Chilodontidae,Charachiformes,Extant,Freshwater,fishbase (Nelson JS 2006),0.066,NA,carnivore (inverts),1,0,0,NA,1,0,0,NA,1,0,0,NA,
Chironemidae,Perciformes,Extant,Marine,fishbase (Nelson 1994),0.072,NA,?,1,0,0,NA,1,1,0,NA,1,0,0,NA,"dorsal f.s., anal f.s."
Chlopsidae,Anguilliformes,Extant,Marine,fishbase (Nelson JS 1994),0.149,NA,?,1,0,0,NA,1,0,0,NA,1,0,0,NA,
Chlorophthalmidae,Aulopiformes,Extant (Upper Cretaceous),Marine,fishbase (Berg LS 1958; Nelson JS 1994). Wiki,0.142,NA,carnivore (benthic inverts),1,0,0,NA,1,0,0,NA,1,0,0,NA,
Cichlidae,Perciformes,Extant (Eocene),"Freshwater, brackish, marine",fishbase (Kullander 1998; Beg LS 1958),0.045,NA,"carnivore (inverts), planktivore",1,0,0,NA,1,1,0,NA,1,0,0,NA,"dorsal f.s., anal f.s."
Cirrhitidae,Perciformes,Extant,Marine,fishbase (Nelson 1994),0.069,NA,"carnivore (crustacean, fish)",1,0,0,NA,1,1,0,NA,1,0,0,NA,"dorsal f.s., anal f.s."
Citharinidae,Charachiformes,Extant,Freshwater,fishbase (Nelson 1994),0.145,NA,?,1,0,0,NA,1,0,0,NA,1,0,0,NA,
Clariidae,Siluriformes,Extant (lower Pliocene),Freshwater,fishbase (Berg LS 1958; Nelson JS 1994). Wiki,0.254,NA,?,1,0,0,NA,1,1,0,NA,1,0,0,NA,pectoral f.s.
Claroteidae,Siluriformes,Extant,Freshwater,fishbase (Nelson JS 2006),0.207,NA,?,1,0,0,NA,1,1,0,NA,1,0,0,NA,"dorsal f.s., pectoral f.s."
Clinidae,Perciformes,Extant,Marine,fishbase (Berg LS 1958; Nelson JS 1994). Wiki,0.086,NA,"carnivore (crustaceans, mollusks)",1,0,0,NA,1,1,0,NA,1,0,0,NA,"dorsal f.s., anal f.s."
Clupeidae,Clupeiformes,Extant (lower Eocene),"Freshwater, brackish, marine","fishbase (Whitehead 1985, Gaudant J, 1991)",0.181,NA,planktivore,1,0,0,NA,1,0,0,NA,1,0,0,NA,
Cobitidae,Cypriniformes,Extant,Freshwater,fishbase (Nelson 1994),0.113,NA,carnivore (worms),1,0,0,NA,1,0,0,NA,1,0,0,NA,
Colocongridae,Anguilliformes,Extant,Marine,fishbase (Nelson 1994),0.377,NA,?,1,0,0,NA,1,0,0,NA,1,0,0,NA,
Congiopodidae,Scorpaeniformes,Extant,Marine,fishbase (Nelson 1994),0.114,NA,?,1,0,0,NA,1,1,0,NA,1,0,0,NA,"dorsal f.s., anal f.s."
Congridae,Anguilliformes,Extant (upper Cretaceous),Marine,fishbase (Berg LS 1958; Nelson JS 1994). Wiki,0.635,NA,planktivore,1,0,0,NA,1,0,0,NA,1,0,0,NA,
Coryphaenidae,Perciformes,Extant,Marine,fishbase (Nelson 1994),0.244,NA,carnivore (fish),1,0,0,NA,1,1,0,NA,1,0,0,NA,"dorsal f.s., anal f.s."
Cottidae,Scorpaeniformes,Extant (Oligocene),"Freshwater, brackish, marine",fishbase (Berg LS 1958; Nelson JS 1994). Wiki,0.083,NA,?,1,0,0,NA,1,1,0,NA,1,0,0,NA,"dorsal f.s., anal f.s. (Price et al); fishbase says no anal spines"
Cranoglanididae,Siluriformes,Extant (Paleocene),Freshwater,fishbase (Berg LS 1958; Nelson JS 1994). Wiki,0.183,NA,?,1,1,0,NA,1,1,0,NA,1,0,0,NA,"dorsal f.s., pectoral f.s. (Price et al); Nelson et al 2016 and fishbase say bony plates on head"
Crenuchidae,Characiformes,Extant,Freshwater,fishbase (Nelson JS 2006),0.056,NA,?,1,0,0,NA,1,0,0,NA,1,0,0,NA,
Cryptacanthodidae,Perciformes,Extant,Marine,fishbase (Mecklenburg 2003),0.12,NA,"carnivore (crustaceans, inverts)",1,0,0,NA,1,1,0,NA,1,0,0,NA,"dorsal f.s., anal f.s."
Ctenoluciidae,Characiformes,Extant,Freshwater,fishbase (Nelson 1994),0.293,NA,carnivore,1,0,0,NA,1,0,0,NA,1,0,0,NA,
Cynodontidae,Characiformes,Extant,Freshwater,fishbase (Nelson 1994),0.21,NA,carnivore (fish),1,0,0,NA,1,0,0,NA,1,0,0,NA,
Cynoglossidae,Pleuronectiformes,Extant (middle Eocene),"Freshwater, brackish, marine",fishbase (Berg LS 1958; Menon 1977); Wiki,0.111,NA,?,1,0,0,NA,1,1,0,NA,1,0,0,NA,"dorsal f.s., anal f.s."
Cyprinidae,Cypriniformes,Extant (Eocene),"Freshwater, brackish, marine",fishbase (Cavender 1991; Menon 1977); Wiki,0.11,NA,"omnivore (invert, vegetation)",1,0,0,NA,1,0,0,NA,1,0,0,NA,
Cyprinodontidae,Cyprinodontiformes,Extant (Oligocene),"Freshwater, brackish, marine",fishbase (Berg LS 1958; Menon 1977); Wiki,0.034,NA,?,1,0,0,NA,1,1,0,NA,1,0,0,NA,
Dactylopteridae,Scorpaeniformes,Extant,Marine,fishbase (Nelson JS 1994),0.109,NA,carnivore,1,0,0,NA,1,1,0,NA,1,0,0,NA,"dorsal f.s., anal f.s.; big ass pectoral fins"
Dactyloscopidae,Perciformes,Extant,"Freshwater, brackish, marine",fishbase (Nelson JS 1994); wiki,0.116,NA,sneaky carnivores,1,0,0,NA,1,1,0,NA,1,0,0,NA,"dorsal f.s., anal f.s."
Denticipitidae,Clupeoformes,Extant,Freshwater?,"wiki, Nelson et al 2016",0.027,NA,?,1,0,0,NA,1,0,0,NA,1,0,0,NA,denticles under the head (wiki)
Derichthyidae,Anguilliformes,Extant,Marine,"wiki, Nelson et al 2016",0.228,NA,?,1,0,0,NA,1,0,0,NA,1,0,0,NA,
Diodontidae,Tetradontiformes,Extant,Marine,fishbase (Nelson JS 1994),0.149,NA,carnivore,1,0,0,NA,1,1,0,NA,1,0,0,NA,"dorsal f.s., anal f.s."
Diplomystidae,Siluriformes,Extant,Freshwater,fishbase (Nelson JS 1994); wiki,0.167,NA,carnivore,1,0,0,NA,1,1,0,NA,1,0,0,NA,"dorsal f.s., anal f.s."
Doradidae,Siluriformes,Extant,Freshwater,wiki,0.196,NA,?,1,0,0,NA,1,1,0,NA,1,0,0,NA,"dorsal f.s., pectoral f.s."
Draconettidae,Perciformes,Extant,Marine,fishbase (Nelson JS 1994),0.104,NA,?,1,0,0,NA,1,1,0,NA,1,0,0,NA,"dorsal f.s., pectoral f.s."
Echeneidae,Perciformes,Extant,Marine,wiki,0.117,NA,poopivore,1,0,0,NA,1,1,0,NA,1,0,0,NA,"dorsal f.s., anal f.s.; remora"
Elassomatidae,Perciformes,Extant (Eocene),Freshwater,fishbase (Nelson JS 2006; Berg LS 1958); wiki,0.029,NA,carnivore,1,0,0,NA,1,1,0,NA,1,0,0,NA,"dorsal f.s., anal f.s."
Eleotridae,Perciformes,Extant,"Freshwater, brackish, marine",fishbase (Nelson JS 1994); adw,0.101,NA,carnivore,1,0,0,NA,1,1,0,NA,1,0,0,NA,"dorsal f.s., anal f.s. (Price et al); anal f.s not reported in Nelson et al 2016"
Elopidae,Elopiformes,Extant (Cretaceous),"Brackish, marine",fishbase (Nelson JS 1994); wiki,0.201,NA,carnivore,1,0,0,NA,1,0,0,NA,1,0,0,NA,
Embiotocidae,Perciformes,Extant,"Freshwater, brackish, marine",fishbase (Nelson JS 1994),0.082,NA,?,1,0,0,NA,1,1,0,NA,1,0,0,NA,"dorsal f.s., anal f.s."
Emmelichthyidae,Perciformes,Extant,Marine,fishbase (Nelson 1994),0.139,NA,planktivore?,1,0,0,NA,1,1,0,NA,1,0,0,NA,"dorsal f.s., anal f.s."
Engraulidae,Clupeoformes,Extant (Tertiary),"Freshwater, brackish, marine","fishbase (Whitehead PJP, Nelson GJ, and Wongratana 1988; Berg 1958)",0.146,NA,"planktivore, some carnivore",1,0,0,NA,1,0,0,NA,1,0,0,NA,anchovies!
Enoplosidae,Perciformes,Extant,Marine,fishbase (Nelson JS 1984); wiki; adw,0.099,NA,carnivore,1,0,0,NA,1,1,0,NA,1,0,0,NA,"dorsal f.s., anal f.s.; maybe venomous spines (wiki)"
Ephippidae,Perciformes,Extant (Lower Eocene),"Freshwater, brackish, marine",fishbase (Nelson JS 1994; Berg LS 1958),0.064,NA,Omnivore,1,0,0,NA,1,1,0,NA,1,0,0,NA,"dorsal f.s., anal f.s."
Epigonidae,Perciformes,Extant,Marine,fishbase (Nelson 1994),0.095,NA,?,1,0,1,NA,1,1,0,NA,1,0,0,NA,"dorsal f.s., anal f.s. (Price et al); Nelson et al 2016 reports opercular spines on Sphyraenops and serranids. Does not report dorsal and anal spines."
Esocidae,Escoformes,Extant (Upper Cretaceous),"Freshwater, brackish, marine",fishbase (Crossman EJ 1996; Wilson et al. 1993),0.332,NA,carnivore,1,0,0,NA,1,0,0,NA,1,0,0,NA,
Euclichthyidae,Gadiformes,Extant,Marine,fishbase (Cohen et al. 1990),0.187,NA,?,1,0,0,NA,1,1,0,NA,1,0,0,NA,"dorsal f.s., anal f.s. (Price et al); spines not mentioned in Nelson et al 2016"
Eurypharyngidae,Saccopharyngiformes,Extant,Marine,fishbase (Nelson JS 1984),0.541,NA,carnivore,1,0,0,NA,1,0,0,NA,1,0,0,NA,big fucking mouth
Evermannellidae,Aulopiformes,Extant,Marine,"fishbase (Nelson 1994), wiki",0.099,NA,carnivore,1,0,0,NA,1,0,0,NA,1,0,0,NA,
Exocoetidae,Beloniformes,Extant (Miocene),Marine,fishbase (Nelson JS 1994; Berg LS 1958); wiki,0.139,NA,planktivore,1,0,0,NA,1,1,0,NA,1,0,0,NA,"dorsal f.s., anal f.s.; flying fish"
Fistulariidae,Sygnathiformes,Extant,Marine,fishbase (Nelson JS 1984),0.384,NA,carnivore,1,0,0,NA,1,1,0,NA,1,0,0,NA,"dorsal f.s., anal f.s. (Price et al); fishbase says dorsal and anal spines absent), sometimes has rows of tiny scutes; Nelson et al 2016 says no dorsal spines"
Fundulidae,Cyprinodontiformes,Extant,"Freshwater, Brackish, Marine",fishbase (Nelson JS 1994),0.052,NA,?,1,0,0,NA,1,1,0,NA,1,0,0,NA,"dorsal f.s., anal f.s."
Gadidae,Gadiformes,Extant (Oligocene),"Freshwater, brackish, marine",fishbase (Cohen et al 1990; Berg 1958),0.131,NA,carnivore (fish and inverts),1,0,0,NA,1,1,0,NA,1,0,0,NA,"dorsal f.s., anal f.s."
Galaxiidae,Osmeriformes,Extant,"Freshwater, brackish, marine",fishbase (Nelson 1994),0.163,NA,?,1,0,0,NA,1,0,0,NA,1,0,0,NA,
Gasteropelecidae,Characiformes,Extant,Freshwater,fishbase (Nelson 1984),0.052,NA,?,1,0,0,NA,1,0,0,NA,1,0,0,NA,
Gasterosteidae,Gasterosteoformes,Extant,"Freshwater, Brackish, Marine",fishbase (Nelson JS 1994; Berg LS 1958); wiki,0.068,NA,"carnivore (insects, crustraceans, and fish)",1,0,0,NA,1,1,0,NA,1,0,0,NA,"dorsal f.s., anal f.s."
Gempylidae,Perciformes,Extant (Eocene; Oligocene),Marine,fishbase (Nakamura and Parin 1993; Berg 1958); wiki,0.537,NA,carnivore,1,0,0,NA,1,1,0,NA,1,0,0,NA,"dorsal f.s., anal f.s."
Gerreidae,Perciformes,Extant,"Freshwater, brackish, marine",fishbase (Nelson JS 1994); wiki,0.092,NA,carnivore (benthic inverts),1,0,0,NA,1,1,0,NA,1,0,0,NA,"dorsal f.s., anal f.s."
Giganturidae,Aulopiformes,Extant,Marine,fishbase (Nelson 1984); wiki,0.107,NA,carnivore?,1,0,0,NA,1,0,0,NA,1,0,0,NA,
Gnathanacanthidae,Scorpaeniformes,Extant,Marine,wiki,0.132,NA,carnivore,1,0,1,NA,1,1,0,NA,1,0,0,NA,"dorsal f.s., anal f.s. (Price et al); operculum w 2 spines (wiki; Nelson et al 2016); spines venomous (wiki)"
Gobiesocidae,Gobeisociformes,Extant,Marine,wiki; Nelson et al 2016,0.046,NA,?,1,0,0,NA,1,1,0,NA,1,0,0,NA,"dorsal f.s., anal f.s."
Gobiidae,Perciformes,Extant,Marine (some freshwater),wiki,0.113,NA,"carnivore (small invert; larger fish), planktivore",1,0,0,NA,1,1,0,NA,1,0,0,NA,"dorsal f.s., anal f.s."
Gonorynchidae,Gonorhynchiformes,Extant,Marine,"Nelson et al 2016, iki",0.19,NA,carnivore (inverts),1,0,0,NA,1,0,0,NA,1,0,0,NA,nocturnal
Gonostomatidae,Stomiiformes,Extant (Miocene),Marine,wiki,0.234,NA,?,1,0,0,NA,1,0,0,NA,1,0,0,NA,
Goodeidae,Cyprinodontiformes,Extant,Freshwater,wiki,0.036,NA,?,1,0,0,NA,1,1,0,NA,1,0,0,NA,"dorsal f.s., anal f.s."
Grammicolepididae,Zeiformes,Extant,Marine,fishbase (Nelson 1994),0.093,NA,?,1,0,0,NA,1,1,0,NA,1,0,0,NA,"dorsal f.s., anal f.s."
Gymnarchidae,Osteoglossiformes,Extant,Freshwater,fishbase (Nelson 1984),0.407,NA,?,1,0,0,NA,1,0,0,NA,1,0,0,NA,
Gymnotidae,Gymnotiformes,Extant (upper Miocene),Freshwater,fishbase (Nelson JS 1994),0.263,NA,?,1,0,0,NA,1,0,0,NA,1,0,0,NA,
Gyrinocheilidae,Cypriniformes,Extant,Freshwater,fishbase (Nelson JS 1994),0.182,NA,planktivore,1,0,0,NA,1,0,0,NA,1,0,0,NA,
Haemulidae,Perciformes,Extant (Eocene),"Freshwater, brackish, marine",fishbase (Nelson JS 1994; Berg LS 1958); wiki,0.154,NA,carnivore,1,0,0,NA,1,1,0,NA,1,0,0,NA,"dorsal f.s., anal f.s."
Halosauridae,Notacanthiformes,Extant,Marine,"fishbase (Nelson JS 1994, Berg Ls 1984); wiki",0.577,NA,carnivore (inverts),1,0,0,NA,1,0,0,NA,1,0,0,NA,can regenerate tails if lost!
Harpagiferidae,Perciformes,Extant,Marine,"Nelson et al 2016, wiki",0.071,NA,?,1,0,1,NA,1,1,0,NA,1,0,0,NA,"dorsal f.s., anal f.s. (Price et al); Nelson et al 2016 says spine on opercle and sub opercle and does not report an anal f.s."
Helostomatidae,Perciformes,Extant,Freshwater,fishbase (Nelson 1994),0.088,NA,herbivore (benthic algae),1,0,0,NA,1,1,0,NA,1,0,0,NA,"dorsal f.s., anal f.s."
Hemiodontidae,Characiformes,Extant,Freshwater,fishbase (Nelson 1984),0.174,NA,?,1,0,0,NA,1,0,0,NA,1,0,0,NA,
Hemiramphidae,Beloniformes,Extant (Eocene),"Freshwater, brackish, marine",fishbase (Nelson 1994; Berg 1958),0.085,NA,omnivore (zooplankton and fish),1,0,0,NA,1,1,0,NA,1,0,0,NA,"dorsal f.s., anal f.s."
Hemitripteridae,Scorpaeniformes,Extant,Marine,fishbase (Mecklenburg CW 2003),0.141,NA,carnivore (inverts),1,0,0,NA,1,1,0,NA,1,0,0,NA,"dorsal f.s., anal f.s."
Hepsetidae,Characiformes,Extant,Freshwater,fishbase (Nelson 1984),0.157,NA,?,1,0,0,NA,1,0,0,NA,1,0,0,NA,
Heptapteridae,Siluriformes,Extant,Freshwater,fishbase (Bockmann and Guazzelli 2003),0.198,NA,?,1,0,0,NA,1,1,0,NA,1,0,0,NA,"dorsal f.s., pectoral f.s."
Heteropneustidae,Siluriformes,Extant,Freshwater,fishbase (Nelson 1984),0.191,NA,?,1,0,0,NA,1,1,0,NA,1,0,0,NA,pectoral f.s.; fishbase says that pectoral spines have poison gland
Hexagrammidae,Scorpaeniformes,Extant,Marine,wiki,0.128,NA,carnivore (scavenger),1,0,0,NA,1,1,0,NA,1,0,0,NA,"dorsal f.s., anal f.s."
Hiodontidae,Osteoglossiformes,Extant,Freshwater,fishbase (Nelson 1984),0.178,NA,?,1,0,0,NA,1,0,0,NA,1,0,0,NA,
Holocentridae,Beryciformes,Extant,Marine,fishbase (Nelson 1994; Berg 1958),0.108,NA,carnivore (inverts and fish),1,0,0,NA,1,1,0,NA,1,0,0,NA,"dorsal f.s., anal f.s."
Hoplichthyidae,Scorpaeniformes,Extant,Marine,fishbase (Nelson 1994),0.164,NA,?,1,0,0,NA,1,1,1,NA,1,0,0,NA,"dorsal f.s., anal f.s. (Price et al); fishbase says anal fin without spines, Nelson et al 2016 says spiny scutes along side"
Hypopomidae,Gymnotiformes,Extant,Freshwater,fishbase (Albert JS 2003),0.205,NA,?,1,0,0,NA,1,0,0,NA,1,0,0,NA,
Hypoptychidae,Gasterosteiformes,Extant,Marine,fishbase (Nelson 1984),0.061,NA,,1,0,0,NA,1,1,0,NA,1,0,0,NA,"dorsal f.s., anal f.s.(Price et al); fishbase and Nelson et al 2016  says no spines."
Icosteidae,Perciformes,Extant,Marine,fishbase (Mecklenburg CW 2003),0.249,NA,carnivore,1,0,0,NA,1,1,0,NA,1,0,0,NA,"dorsal f.s., anal f.s. (Price et al); Nelson et al 2016 and fishbase entry explicitly say that fin spines are absent--skeleton is largely cartilaginous"
Ictaluridae,Siruiformes,Extant,Freshwater,wiki,0.29,NA,carnivore,1,0,0,NA,1,1,0,NA,1,0,0,NA,"dorsal f.s., pectoral f.s."
Inermiidae,Perciformes,Extant,Marine,fishbase (Nelson JS 1984),0.085,NA,?,1,0,0,NA,1,1,0,NA,1,0,0,NA,"dorsal f.s., anal f.s."
Ipnopidae,Aulopiformes,Extant,Marine,wiki,0.253,NA,?,1,0,0,NA,1,0,0,NA,1,0,0,NA,
Istiophoridae,Perciformes,Extant (Upper Cretaceous),Marine,fishbase (Nelson JS 1984; Berg LS 1958),0.166,NA,carnivore,1,0,0,NA,1,1,0,NA,1,0,0,NA,"dorsal f.s., anal f.s.; these are Marlins!"
Kuhliidae,Perciformes,Extant,"Freshwater, brackish, marine",fishbase (Nelson JS 1994),0.161,NA,carnivore,1,0,0,NA,1,1,0,NA,1,0,0,NA,"dorsal f.s., anal f.s."
Kyphosidae,Kyphosidae,Extant,Marine,fishbase (Nelson JS 1994),0.119,NA,herbivorous and carnivorous,1,0,0,NA,1,1,0,NA,1,0,0,NA,"dorsal f.s., anal f.s."
Labridae,Perciformes,Extant (Paleocene),Marine,fishbase (Nelson JS 1994; Berg 1958),0.091,NA,carnivore (benthic invertebrates); planktivores,1,0,0,NA,1,1,0,NA,1,0,0,NA,"dorsal f.s., anal f.s."
Labrisomidae,Perciformes,Extant (Miocene),Marine,wiki,0.09,NA,carnivore (invertebrates),1,0,0,NA,1,1,0,NA,1,0,0,NA,"dorsal f.s., anal f.s."
Lacantuniidae,Siluriformes,Extant,Freshwater,wiki,0.292,NA,"carnivore, omnivore",1,0,0,NA,1,1,0,NA,1,0,0,NA,pectoral f.s.
Latidae,Perciformes,Extant,"Freshwater, Marine",wiki,0.148,NA,carnivore,1,0,0,NA,1,1,0,NA,1,0,0,NA,"dorsal f.s., anal f.s."
Latridae,Perciformes,Extant,Marine,fishbase (Nelson 1994),0.139,NA,?,1,0,0,NA,1,1,0,NA,1,0,0,NA,"dorsal f.s., anal f.s."
Lebiasinidae,Characiformes,Extant,Freshwater,wiki,0.073,NA,carnivore (insect larvae),1,0,0,NA,1,0,0,NA,1,0,0,NA,
Leiognathidae,Perciformes,Extant,"Freshwater, brackish, marine",fishbase (Nelson 1994; Danil'chenko PG 1960),0.08,NA,carnivore (benthic invertebrates),1,0,0,NA,1,1,0,NA,1,0,0,NA,"dorsal f.s., anal f.s."
Lepidogalaxiidae,Osmeriformes,Extant,Freshwater,fishbase (Berra TM and Allen GR 1991); wiki,0.03,NA,carnivore (insect larvae),1,0,0,NA,1,0,0,NA,1,0,0,NA,
Leptobramidae,Perciformes,Extant,"Freshwater, brackish, marine",fishbase (Nelson JS 1984),0.224,NA,?,1,0,0,NA,1,1,0,NA,1,0,0,NA,"dorsal f.s., anal f.s."
Lethrinidae,Perciformes,Extant (Eocene),"Brackish, marine",fishbase (Carpenter KE and Allen GR 1989; Berg 1958),0.12,NA,carnivore (inverts and fish),1,0,0,NA,1,1,0,NA,1,0,0,NA,"dorsal f.s., anal f.s."
Liparidae,Scorpaeniformes,Extant,Marine,wiki,0.09,NA,"carnivore (inverts, some fish)",1,0,0,NA,1,1,0,NA,1,0,0,NA,"dorsal f.s., anal f.s."
Lobotidae,Perciformes,Extant,Marine,fishbase (Nelson JS 1994); wiki for Atlantic tripletail,0.182,NA,carnivore,1,0,0,NA,1,1,0,NA,1,0,0,NA,"dorsal f.s., anal f.s."
Lophiidae,Lophiiformes,Extant (mid Eocene),Marine,fishbase (Nelson 1994; Berg 1958),0.137,NA,carnivore?,1,0,0,NA,1,1,0,NA,1,0,0,NA,"dorsal f.s., anal f.s.; angler fish"
Loricariidae,Siluriformes,Extant (Tertiary; Upper Miocene),Freshwater,fishbase (Nelson 2006; Berg 1958); wiki,0.173,NA,"herbivore, detritivore",1,0,0,NA,1,1,1,NA,1,0,0,NA,"dorsal f.s., pectoral f.s. (Price et al); bony plates covering body"
Lotidae,Gadiformes,Extant,"Freshwater, marine",Nelson et al 2016,0.104,NA,?,1,0,0,NA,1,1,0,NA,1,0,0,NA,"dorsal f.s., anal f.s."
Lutjanidae,Perciformes,Extant (Eocene),"Freshwater, brackish, marine",fishbase (Nelson 1984; Berg 1958),0.073,NA,"carnivore, planktivore",1,0,0,NA,1,1,0,NA,1,0,0,NA,"dorsal f.s., anal f.s."
Luvaridae,Perciformes,Extant,Marine,fishbase (Nelson 1984),0.219,NA,"carnivore (inverts, planktonic animals)",1,0,0,NA,1,1,0,NA,1,0,0,NA,"dorsal f.s., anal f.s."
Macrouridae,Gadiformes,Extant (Upper Eocene),Marine,fishbase (Nelson JS 1994; Berg LS 1958),0.204,NA,carnivore,1,0,0,NA,1,1,0,NA,1,0,0,NA,"dorsal f.s., anal f.s.; fishbase report that true spines are lacking; Nelson et al 2016 say spike-like first ray and spinous second ray. "
Malacanthidae,Perciformes,Extant (Miocene),"Brackish, marine","fishbase (Nelson JS 1984, Arambourg C 1927); wiki",0.202,NA,carnivore (invert and zooplankton),1,0,0,NA,1,1,0,NA,1,0,0,NA,"dorsal f.s., anal f.s."
Malapteruridae,Siluriformes,Extant,Freshwater,fishbase (Nelson JS 1984); wiki; adw,0.178,NA,carnivore (fishingtons and inverts),1,0,0,NA,1,0,0,NA,1,0,0,NA,"electrogenic organ present, no dorsal fin (Nelson et al 2016"
Mastacembelidae,Synbranchiformes,Extant,Freshwater,fishbase (Nelson JS 1994); wiki for Synbrachiformes,0.141,NA,carnivore (inverts and fish),1,0,0,NA,1,1,0,NA,1,0,0,NA,"dorsal f.s., anal f.s."
Megalopidae,Elopiformes,Extant,"Freshwater, brackish, marine",fishbase (Nelson JS 1984),0.195,NA,carnivore,1,0,0,NA,1,0,0,NA,1,0,0,NA,
Melamphaidae,Stephanoberyciformes,Extant,Marine,fishbase (Nelson JS 1994); wiki,0.078,NA,carnivore (zooplankton),1,0,0,NA,1,1,0,NA,1,0,0,NA,"dorsal f.s., anal f.s."
Melanocetidae,Lophiiformes,Extant,Marine,fishbase (Nelson JS 1994),0.042,NA,carnivore,1,0,0,NA,1,1,0,NA,1,0,0,NA,"dorsal f.s., anal f.s. (Price et al)"
Melanonidae,Gadiformes,Extant,Marine,fishbase (Nelson JS 1984),0.152,NA,?,1,0,0,NA,1,1,0,NA,1,0,0,NA,"dorsal f.s., anal f.s. (Price et al); Nelson et al 2016 does not say if there are actually spines"
Melanotaeniidae,Atheriniformes,Extant,"Freshwater, brackish",fishbase (Dyer and Chernoff 1996); wiki,0.097,NA,omnivore,1,0,0,NA,1,1,0,NA,1,0,0,NA,"dorsal f.s., anal f.s."
Menidae,Perciformes,Extant (Lower Eocene),Marine,"fishbase (Nelson JS 1994, Berg LS 1958); ftp://ftp.fao.org/docrep/fao/009/y0770e/y0770e02.pdf",0.085,NA,carnivore (inverts),1,0,0,NA,1,1,0,NA,1,0,0,NA,"dorsal f.s., anal f.s. (Price et al); fishbase and Nelson et al 2016  says spineless/no spines"
Merlucciidae,Gadiformes,Extant,Marine,"fishbase (Cohen et al. 1990, Berg LS 1958)",0.148,NA,carnivore,1,0,0,NA,1,1,0,NA,1,0,0,NA,"dorsal f.s., anal f.s."
Microstomatidae,Osmeriformes,Extant,Marine,fishbase (Nelson JS 1994),0.135,NA,?,1,0,0,NA,1,0,0,NA,1,0,0,NA,
Mochokidae,Siluriformes,Extant,Freshwater,fishbase (Nelson JS 2006),0.174,NA,?,1,0,0,NA,1,1,0,NA,1,0,0,NA,"dorsal f.s., pectoral f.s."
Monacanthidae,Tetradontiformes,Extant (Pliocene),Marine,fishbase (Nelson JS 1994),0.096,NA,"carnivore (inverts, coral, zooplankton)",1,0,0,NA,1,1,0,NA,1,0,0,NA,"dorsal f.s., anal f.s."
Monocentridae,Beryciformes,Extant,Marine,fishbase (Nelson JS 1994),0.114,NA,carnivore (shrimp and zooplankton),1,0,0,NA,1,1,0,NA,1,0,0,NA,"dorsal f.s., anal f.s. (Price et al); Nelson et al 2016 and fishbase say that there are no anal spines, covered in plate-like scales. Pinecone fish!"
Monodactylidae,Perciformes,Extant,"Freshwater, brackish, marine","fishbase (Nelson JS 1994, Berg LS 1958)",0.042,NA,"carnivore (small fish, invert)",1,0,0,NA,1,1,0,NA,1,0,0,NA,"dorsal f.s., anal f.s."
Moridae,Gadiformes,Extant (upper Oligocene),Marine,fishbase (Cohen et al 1990; Berg 1958),0.092,NA,?,1,0,0,NA,1,1,0,NA,1,0,0,NA,"dorsal f.s., anal f.s."
Moringuidae,Anguilliformes,Extant,"Freshwater, brackish, marine",fishbase (Nelson Js 1994),0.237,NA,?,1,0,0,NA,1,0,0,NA,1,0,0,NA,
Mormyridae,Osteoglossiformes,Extant,Freshwater,fishbase (Nelson JS 1994); wiki,0.2,NA,carnivore,1,0,0,NA,1,0,0,NA,1,0,0,NA,can generate weak electric fields
Moronidae,Perciformes,Extant (Eocene),"Freshwater, brackish, marine","fishbase, wiki",0.181,NA,?,1,0,1,NA,1,1,0,NA,1,0,0,NA,"dorsal f.s., anal f.s. (Price et al); fishbase and Nelson et al 2016 say operculum with two spines"
Mugilidae,Mugiliformes,Extant (Oligocene),"Freshwater, brackish, Marine","fishbase (Nelson JS 2006, Berg LS 1958)",0.079,NA,"planktivore (algae, diatoms, detritous)",1,0,0,NA,1,1,0,NA,1,0,0,NA,"dorsal f.s., anal f.s."
Mullidae,Perciformes,Extant,"Brackish, marine",fishbase (Nelson JS 1994),0.105,NA,"carnivore (inverts, small fish)",1,0,0,NA,1,1,0,NA,1,0,0,NA,"dorsal f.s., anal f.s."
Muraenesocidae,Anguilliformes,Extant (Lower Eocene),"Freshwater, brackish, marine","fishbase (Nelson 1994, Berg 1958)",0.525,NA,carnivore?,1,0,0,NA,1,0,0,NA,1,0,0,NA,
Muraenidae,Anguilliformes,Extant (Miocene),"Freshwater, brackish, marine",fishbase,0.499,NA,carnivore,1,0,0,NA,1,0,0,NA,1,0,0,NA,
Muraenolepididae,Gadiformes,Extant,Marine,fishbase (Nelson 1984),0.125,NA,?,1,0,0,NA,1,1,0,NA,1,0,0,NA,"dorsal f.s., anal f.s."
Myctophidae,Myctophiformes,Extant (Miocene),Marine,"fishbase (Nelson JS 1994, Berg 1958)",0.104,NA,planktivore (zooplankton),1,0,0,NA,1,0,0,NA,1,0,0,NA,
Nandidae,Perciformes,Extant,"Freshwater, brackish",fishbase (Nelson JS 1994),0.074,NA,carnivore,1,0,0,NA,1,1,0,NA,1,0,0,NA,"dorsal f.s., anal f.s."
Nematistiidae,Perciformes,Extant,Marine,fishbase (Nelson JS 1994),0.194,NA,carnivore?,1,0,0,NA,1,1,0,NA,1,0,0,NA,"dorsal f.s., anal f.s."
Nematogenyidae,Siluriformes,Extant,Freshwater,fishbase (dePinna MCC 2003),0.211,NA,?,1,0,0,NA,1,1,0,NA,1,0,0,NA,pectoral f.s.
Nemichthyidae,Anguilliformes,Extant,Marine,fishbase (Nelson JS 1994),0.912,NA,carnivore,1,0,0,NA,1,0,0,NA,1,0,0,NA,
Nemipteridae,Perciformes,Extant,Marine,fishbase (Russell BC 1990),0.1,NA,carnivore,1,0,0,NA,1,1,0,NA,1,0,0,NA,"dorsal f.s., anal f.s."
Neoscopelidae,Myctophiformes,Extant,Marine,wiki; http://zoolstud.sinica.edu.tw/Journals/40.2/103.pdf,0.118,NA,planktivore? ,1,0,0,NA,1,0,0,NA,1,0,0,NA,
Nettastomatidae,Anguilliformes,Extant (mid Eocene),Marine,fishbase (Nelson JS 1994; Berg LS 1958); wiki,0.417,NA,carnivore,1,0,0,NA,1,0,0,NA,1,0,0,NA,
Nomeidae,Perciformes,Extant (Oligocene),Marine,fishbase (Nelson 1984); wiki,0.11,NA,carnivore,1,0,0,NA,1,1,0,NA,1,0,0,NA,"dorsal f.s., anal f.s."
Normanichthyidae,Scorpaeniformes,Extant,Marine,fishbase (Nelson 1984); Nelson et al 2016,0.063,NA,?,1,0,0,NA,1,1,0,NA,1,0,0,NA,"dorsal f.s., anal f.s. (Price et al); Nelson et al 2016 reports that this taxon only has one pelvic fin spine."
Notacanthidae,Notacanthiformes,Extant,Marine,wiki,0.318,NA,carnivore,1,0,0,NA,1,1,0,NA,1,0,0,NA,"dorsal f.s., anal f.s."
Notopteridae,Osteoglossiformes,Extant,"Freshwater, brackish",fishbase (Nelson 1984),0.214,NA,?,1,0,0,NA,1,0,0,NA,1,0,0,NA,
Notosudidae,Aulopiformes,Extant,Marine,wiki,0.174,NA,?,1,0,0,NA,1,0,0,NA,1,0,0,NA,
Nototheniidae,Perciformes,Extant,Marine,wiki,0.109,NA,?,1,0,0,NA,1,1,0,NA,1,0,0,NA,"dorsal f.s., anal f.s."
Odacidae,Perciformes,Extant,Marine,fishbase (Nelson JS 1994); wiki,0.119,NA,carnivore and herbivore,1,0,0,NA,1,1,0,NA,1,0,0,NA,"dorsal f.s., anal f.s."
Odontobutidae,Perciformes,Extant,Freshwater,fishbase (Nelson JS 1994),0.12,NA,?,1,0,0,NA,1,1,0,NA,1,0,0,NA,"dorsal f.s., anal f.s."
Ogcocephalidae,Lophiformes,Extant,Marine,fishbase (NelsonJs 1994); wiki,0.05,NA,carnivore,1,0,0,NA,1,1,0,NA,1,0,0,NA,"dorsal f.s., anal f.s. (Price et al); Nelson et al 2016 body is covered in modified scales (conical tubercles)"
Olyridae,Siluriformes,"Extant, Paleocene","Freshwater, brackish","fishbase (Nelson 1994), (Berg 1958); https://www.mysciencework.com/publication/download/aedb4d4b454c7cfc1d7dbe0fdacf4078/2729a4e97ed3b9b745182b380ba388a9",0.205,NA,omnivore,1,0,0,NA,1,1,0,NA,1,0,0,NA,"pectoral f.s. (Price et al); Nelson et al 2016 place these into Bagridae, but these do not have a dorsal spine like the rest of that family."
Omosudidae,Aulopiformes,Extant,Marine,fishbase (Nelson JS 1984); wiki,0.166,NA,carnivore,1,0,0,NA,1,0,0,NA,1,0,0,NA,
Oneirodidae,Lophiliformes,Extant,Marine,wiki,0.094,NA,carnivore,1,0,0,NA,1,1,0,NA,1,0,0,NA,"dorsal f.s., anal f.s.; anglerfishes!!!"
Ophichthidae,Anguilliformes,Extant,Marine,wiki,0.528,NA,carnivore,1,0,0,NA,1,0,0,NA,1,0,0,NA,
Ophidiidae,Ophidiiformes,Extant (Eocene),Marine,fishbase (Nelson 1994; Berg 1958); http://onlinelibrary.wiley.com/store/10.1111/j.0022-1112.2004.00476.x/asset/j.0022-1112.2004.00476.x.pdf;jsessionid=5B214F0331628E0A30288C480BE63F50.f01t04?v=1&t=j0uv16mc&s=8d5028ed94e66cb5866bd592d78e5f67ace78ac6,0.082,NA,carnivore,1,0,0,NA,1,1,0,NA,1,0,0,NA,"dorsal f.s., anal f.s."
Opistognathidae,Perciformes,Extant,Marine,fishbase (Nelson 1994),0.166,NA,carnivore,1,0,0,NA,1,1,0,NA,1,0,0,NA,"dorsal f.s., anal f.s."
Oplegnathidae,Perciformes,Extant,Marine,fishbase (Nelson 1994),0.106,NA,carnivore (barnacles & mollusks) ,1,0,0,NA,1,1,0,NA,1,0,0,NA,"dorsal f.s., anal f.s."
Oreosomatidae,Zeiformes,Extant,Marine,Nelson et al 2016; https://www.sprfmo.int/assets/Fisheries/Species-Profiles/SPRFMO4SWG11-Species-profile-Oreosomatidae.pdf,0.087,NA,carnivore,1,0,0,NA,1,1,0,NA,1,0,0,NA,"dorsal f.s., anal f.s.; Nelson et al 2016 reports pelvic spine as well."
Osmeridae,Osmeriformes,Extant,"Freshwater, brackish, marine",fishbase (Nelson JS 1984); wiki,0.19,NA,carnivore,1,0,0,NA,1,0,0,NA,1,0,0,NA,
Osphronemidae,Perciformes,Extant (lower Tertiary),Freshwater,fishbase (Nelson 1994; Berg 1958),0.052,NA,?,1,0,0,NA,1,1,0,NA,1,0,0,NA,"dorsal f.s., anal f.s.; gourami"
Osteoglossidae,Osteoglossiformes,Extant (Eocene),Freshwater,fishbase (Ferraris CJ Jr 2003; Berg 1958),0.266,NA,"omnivore, carnivore",1,0,0,NA,1,0,0,NA,1,0,0,NA,
Ostraciidae,Tetraodontiformes,Extant (Lower Eocene),Marine,fishbase (Nelson 1994; Berg 1958),0.088,NA,"omnivore (small inverts, algae)",1,0,0,NA,1,1,0,NA,1,0,0,NA,"dorsal f.s., anal f.s. (Price et al); Nelson et al 2016 says no spinous dorsal and reports no anal f.s."
Ostracoberycidae,Perciformes,Extant,Marine,fishbase (Nelson 1994),0.097,NA,?,1,0,0,NA,1,1,0,NA,1,0,0,NA,"dorsal f.s., anal f.s."
Pangasiidae,Siluriformes,Extant (Miocene),"Freshwater, brackish, marine","fishbase (Nelson JS 1994, Berg 1958)",0.224,NA,omnivore?,1,0,0,NA,1,1,0,NA,1,0,0,NA,"dorsal f.s., pectoral f.s."
Pantodontidae,Osteoglossiformes,Extant,Freshwater,fishbase (Nelson 1984),0.06,NA,carnivore (insects and fish),1,0,0,NA,1,0,0,NA,1,0,0,NA,
Paralepididae,Aulopiformes,Extant (Miocene),Marine,"fishbase (Nelson JS 1994, Berg LS 1958)",0.288,NA,carnivore?,1,0,0,NA,1,0,0,NA,1,0,0,NA,
Paralichthyidae,Pleuronectiformes,Extant (Miocene),"Freshwater, brackish, marine","fishbase (Nelson JS 1994, Berg LS 1958)",0.137,NA,Carnivore,1,0,0,NA,1,1,0,NA,1,0,0,NA,"dorsal f.s., anal f.s."
Paraulopidae,Aulopiformes,Extant,Marine,fishbase (Sato and Nakabo 2002),0.236,NA,?,1,0,0,NA,1,0,0,NA,1,0,0,NA,
Pataecidae,Scorpaeniformes,Extant,Marine,fishbase (Nelson JS 1994); wiki; https://australianmuseum.net.au/red-indianfish-pataecus-fronto,0.16,NA,carnivore,1,0,0,NA,1,1,0,NA,1,0,0,NA,"dorsal f.s., anal f.s.; dorsal fin extends to head"
Pegasidae,Gasterosteiformes,Extant,Marine,fishbase (Nelson JS 1984),0.091,NA,carnivore (inverts),1,0,0,NA,1,1,0,NA,1,0,0,NA,"dorsal f.s., anal f.s."
Pempheridae,Perciformes,Extant,"Brackish, marine",fishbase (Nelson JS 1994),0.107,NA,planktivore,1,0,0,NA,1,1,0,NA,1,0,0,NA,"dorsal f.s., anal f.s."
Pentacerotidae,Perciformes,Extant,Marine,fishbase (Nelson JS 1984),0.12,NA,?,1,0,0,NA,1,1,0,NA,1,0,0,NA,"dorsal f.s., anal f.s."
Percichthyidae,Perciformes,Extant (Eocene),"Freshwater, brackish",fishbase (Nelson JS 1994; Berg LS 1958); http://www.fao.org/3/a-y4161e/y4161e49.pdf,0.081,NA,?,1,0,0,NA,1,1,0,NA,1,0,0,NA,"dorsal f.s., anal f.s."
Percidae,Perciformes,Extant (Lower Eocene),"Freshwater, brackish","fishbase (Nelson JS 1984, Berg LS 1958)",0.067,NA,carnivore (wiki for Perch),1,0,0,NA,1,1,0,NA,1,0,0,NA,"dorsal f.s., anal f.s."
Percophidae,Perciformes,Extant,Marine,fishbase (Nelson JS 1994); ftp://ftp.fao.org/docrep/fao/009/ad468e/AD468eJC.pdf,0.164,NA,carnivore,1,0,1,NA,1,1,0,NA,1,0,0,NA,"dorsal f.s., pectoral f.s. (Price et al); 2 spines on opercle (Fao)"
Percopsidae,Percosiformes,Extant,Freshwater,fishbase (Nelson 1984); wiki,0.08,NA,"carnivore (insects, crustaceans)",1,0,0,NA,1,1,0,NA,1,0,0,NA,"dorsal f.s., anal f.s."
Peristediidae,Scorpaeniformes,Extant,Marine,fishbase (Nelson 1994),0.119,NA,carnivore (inverts?),1,0,0,NA,1,1,1,NA,1,0,0,NA,"dorsal f.s., pectoral f.s. (Price et al); body encased in heavy spine-bearing plates (fishbase)"
Pholidae,Perciformes,Extant,Marine,fishbase (Mecklenburg CW 2003),0.091,NA,"carnivore (crustaceans, mollusks)",1,0,0,NA,1,1,0,NA,1,0,0,NA,"dorsal f.s., anal f.s."
Pholidichthyidae,Cichliformes,Extant,Marine,fishbase (Nelson 1984); Nelson et al 2016,0.234,NA,?,1,0,0,NA,1,1,0,NA,1,0,0,NA,"dorsal f.s., anal f.s."
Phosichthyidae,Stomiiformes,Extant,Marine,fishbase (Nelson JS 1994),0.224,NA,?,1,0,0,NA,1,0,0,NA,1,0,0,NA,
Phycidae,Gadiformes,Extant,"Brackish, marine",fishbase (Nelson JS 1994),0.055,NA,?,1,0,0,NA,1,1,0,NA,1,0,0,NA,"dorsal f.s., anal f.s."
Pimelodidae,Siluriformes,Extant,Freshwater,fishbase (Nelson JS 1994); wiki,0.216,NA,filter feeder?,1,0,0,NA,1,1,0,NA,1,0,0,NA,"dorsal f.s., pectoral f.s. (Price et al); spines can be absent (fishbase)"
Pinguipedidae,Perciformes,Extant,"Freshwater, brackish, marine",fishbase (Nelson 1994),0.102,NA,"carnivore (invert, fish)",1,0,0,NA,1,1,0,NA,1,0,0,NA,"dorsal f.s., anal f.s."
Platycephalidae,Scorpaeniformes,Extant,"Brackish, marine",fishbase (Nelson 1994),0.1,NA,"carnivore (invert, fish)",1,0,0,NA,1,1,0,NA,1,0,0,NA,"dorsal f.s., anal f.s."
Platytroctidae,Osmeriformes,Extant,Marine,fishbase (Nelson 1994),0.088,NA,?,1,0,0,NA,1,0,0,NA,1,0,0,NA,
Plecoglossidae,Osmeriformes,Extant,"Freshwater, brackish, marine",fishbase (Nelson 1984); wiki,0.176,NA,"omnivore (algae, crustaceans, insects, sponges, worms)",1,0,0,NA,1,0,0,NA,1,0,0,NA,
Plesiopidae,Perciformes,Extant,Marine,fishbase (Nelson 1994),0.044,NA,carnivore (invert and fish),1,0,0,NA,1,1,0,NA,1,0,0,NA,"dorsal f.s., anal f.s."
Pleuronectidae,Pleuronectiformes,Extant,"Freshwater, brackish, marine","fishbase (Nelson JS 1994, Berg LS 1958)",0.102,NA,carnivore (invert and fish),1,0,0,NA,1,1,0,NA,1,0,0,NA,"dorsal f.s., anal f.s."
Plotosidae,Siluriformes,Extant,"Freshwater, brackish, marine",fishbase (Nelson 1994),0.348,NA,?,1,0,0,NA,1,1,0,NA,1,0,0,NA,"dorsal f.s., pectoral f.s."
Poeciliidae,Cyprinidontiformes,Extant,"Freshwater, brackish, marine",fishbase (Nelson 1994),0.044,NA,?,1,0,0,NA,1,1,0,NA,1,0,0,NA,"dorsal f.s., anal f.s."
Polymixiidae,Polymixiformes,Extant,Marine,"fishbase (Nelson JS 1994, Berg LS 1958)",0.102,NA,?,1,0,0,NA,1,1,0,NA,1,0,0,NA,"dorsal f.s., anal f.s."
Polynemidae,Perciformes,Extant,"Freshwater, brackish, marine",fishbase (Nelson 1994),0.103,NA,carnivore (inverts),1,0,0,NA,1,1,0,NA,1,0,0,NA,"dorsal f.s., anal f.s."
Polyprionidae,Perciformes,Extant,Marine,fishbase (Nelson 1994),0.219,NA,carnivore (wiki for atlantic wreckfish),1,0,0,NA,1,1,0,NA,1,0,0,NA,"dorsal f.s., anal f.s."
Pomacanthidae,Perciformes,Extant,Marine,"fishbase (Nelson JS 1994, Berg LS 1958)",0.146,NA,planktivore,1,0,0,NA,1,1,0,NA,1,0,0,NA,"dorsal f.s., anal f.s."
Pomacentridae,Perciformes,Extant,"Brackish, marine",fishbase (Allen GR 1991),0.117,NA,"herbivore, omnivore, planktivore",1,0,0,NA,1,1,0,NA,1,0,0,NA,"dorsal f.s., anal f.s."
Pomatomidae,Perciformes,Extant (Miocene),"Brackish, marine","fishbase (Nelson JS 1994, Berg LS 1958)",0.143,NA,carnivore (fish),1,0,0,NA,1,1,0,NA,1,0,0,NA,"dorsal f.s., anal f.s."
Priacanthidae,Perciformes,Extant (Eocene),Marine,"fishbase (Stames WC 1988, Berg LS 1958)",0.159,NA,carnivore,1,0,0,NA,1,1,0,NA,1,0,0,NA,"dorsal f.s., anal f.s.; nocturnal"
Pristigasteridae,Clupeoformes,Extant,"Freshwater, brackish, marine",fishbase (Berra T 2001),0.188,NA,?,1,0,0,NA,1,1,0,NA,1,0,0,NA,"dorsal f.s., anal f.s."
Prochilodontidae,Characiformes,Extant,Freshwater,fishbase (Castro and Vari ????says 2050),0.231,NA,detritivore,1,0,0,NA,1,1,0,NA,1,0,0,NA,"dorsal f.s., anal f.s."
Profundulidae,Cyprinidontiformes,Extant,Freshwater,fishbase (Nelson 1994),0.062,NA,?,1,0,0,NA,1,1,0,NA,1,0,0,NA,"dorsal f.s., anal f.s."
Psettodidae,Pleuronectiformes,Extant (mid Eocene),Marine,"fishbase (Nelson JS 1994, Berg LS 1958)",0.143,NA,carnivore?,1,0,0,NA,1,1,0,NA,1,0,0,NA,"dorsal f.s., anal f.s."
Pseudochromidae,Perciformes,Extant,Marine,wiki,0.163,NA,?,1,0,0,NA,1,1,0,NA,1,0,0,NA,"dorsal f.s., anal f.s."
Pseudopimelodidae,Siluriformes,Extant,Freshwater,fishbase (Shibatta 2003),0.179,NA,?,1,0,0,NA,1,1,0,NA,1,0,0,NA,"dorsal f.s., pectoral f.s."
Psilorhynchidae,Cypriniformes,Extant,Freshwater,fishbase (Nelson JS 1994),0.059,NA,?,1,0,0,NA,1,1,0,NA,1,0,0,NA,
Psychrolutidae,Scorpaeniformes,Extant,Marine,fishbase (Nelson JS 1994),0.124,NA,?,1,0,0,NA,1,1,0,NA,1,0,0,NA,"dorsal f.s., anal f.s."
Ptereleotridae,Perciformes,Extant,"Freshwater, brackish, marine",fishbase (Nelson 2006),0.079,NA,?,1,0,0,NA,1,1,0,NA,1,0,0,NA,"dorsal f.s., anal f.s."
Ptilichthyidae,Perciformes,Extant,Marine,fishbase (Mecklenburg 2003),0.253,NA,?,1,0,0,NA,1,1,0,NA,1,0,0,NA,"dorsal f.s., anal f.s."
Rachycentridae,Perciformes,Extant,Marine,fishbase (Nelson JS 1984),0.163,NA,carnivore,1,0,0,NA,1,1,0,NA,1,0,0,NA,"dorsal f.s., anal f.s."
Retropinnidae,Osmeriformes,Extant,"Freshwater, brackish, marine",fishbase (Nelson JS 1984),0.143,NA,?,1,0,0,NA,1,0,0,NA,1,0,0,NA,
Rhamphocottidae,Scorpaeniformes,Extant,Marine,fishbase (Nelson JS 1994),0.052,NA,carnivore,1,?,1,NA,1,1,0,NA,1,0,0,NA,"dorsal f.s., anal f.s.; preopercular spine (fishbase) and head and body covered in multispines plates"
Rhyacichthyidae,Perciformes,Extant,"Freshwater, brackish, marine",fishbase (Nelson JS 1984),0.155,NA,?,1,0,0,NA,1,1,0,NA,1,0,0,NA,"dorsal f.s., anal f.s."
Rivulidae,Cyprinodontiformes,Extant,"Freshwater, brackish",fishbase (Costa WJEM 2003),0.049,NA,?,1,0,0,NA,1,1,0,NA,1,0,0,NA,"dorsal f.s., anal f.s."
Salangidae,Osmeriformes,Extant,"Freshwater, brackish, Marine)",fishbase (Nelson 1994),0.115,NA,?,1,0,0,NA,1,0,0,NA,1,0,0,NA,
Salmonidae,Salmoniformes,Extant (Upper Cretaceous),"Freshwater, brackish, Marine)","fishbase (Nelson 1994, Resetnikov 1988)",0.278,NA,carnivore,1,0,0,NA,1,0,0,NA,1,0,0,NA,
Samaridae,Pleuronectiformes,Extant,Marine,fishbase (Nelson 1994),0.104,NA,?,1,0,0,NA,1,1,0,NA,1,0,0,NA,"dorsal f.s., anal f.s."
Scaridae,Perciformes,Extant (Eocene),Marine,"fishbase (Nelson 1994, Berg 1958)",0.167,NA,herbivore,1,0,0,NA,1,1,0,NA,1,0,0,NA,"dorsal f.s., anal f.s."
Scatophagidae,Perciformes,Extant (lower Eocene),"Freshwater, brackish, marine)","fishbase (Nelson 1994, Berg 1958), wiki",0.101,NA,herbivore,1,0,0,NA,1,1,0,NA,1,0,0,NA,"dorsal f.s., anal f.s., these ones scavenge on algae and feces"
Schilbeidae,Siluriformes,Extant (Tertiary),Freshwater,"fishbase (Nelson 1994, Berg 1958)",0.164,NA,carnivore,1,0,0,NA,1,1,0,NA,1,0,0,NA,dorsal f.s.
Sciaenidae,Perciformes,Extant (Miocene),"Freshwater, Brackish, Marine","fishbase (Nelson 1994, Berg 1958)",0.146,NA,carnivore,1,0,0,NA,1,1,0,NA,1,0,0,NA,"dorsal f.s., anal f.s."
Scomberesocidae,Beloniformes,Extant (Miocene),Marine,"fishbase (Nelson 1994, Berg 1958)",0.082,NA,?,1,0,0,NA,1,1,0,NA,1,0,0,NA,"dorsal f.s., anal f.s."
Scombridae,Perciformes,Extant (lower Eocene),"Brackish, Marine","fishbase (Nelson 1994, Berg 1958)",0.298,NA,carnivore,1,0,0,NA,1,1,0,NA,1,0,0,NA,"dorsal f.s., anal f.s."
Scombrolabracidae,Perciformes,Extant,Marine,fishbase (Nelson 1984),0.133,NA,carnivore?,1,0,0,NA,1,1,0,NA,1,0,0,NA,"dorsal f.s., anal f.s."
Scopelarchidae,Aulopiformes,Extant,Marine,fishbase (Nelson 1994_,0.107,NA,?,1,0,0,NA,1,0,0,NA,1,0,0,NA,
Scophthalmidae,Pleuronectiformes,Extant (Miocene),"Brackish, Marine","fishbase (Nelson 1994, Berg 1958)",0.041,NA,carnivore?,1,0,0,NA,1,1,0,NA,1,0,0,NA,"dorsal f.s., anal f.s."
Scorpaenidae,Scorpaeniformes,Extant (Paleocene),"Freshwater, Brackish, Marine","fishbase (Nelson 1994, Berg 1958)",0.205,NA,carnivore,1,0,0,NA,1,1,0,NA,1,0,0,NA,"dorsal f.s., anal f.s."
Serranidae,Perciformes,Extant (Eocene),"Freshwater, Brackish, Marine",fishbase (Nelson 1994. Berg 1958),0.183,NA,carnivores,1,0,0,NA,1,1,0,NA,1,0,0,NA,"dorsal f.s., anal f.s."
Serrivomeridae,Anguilliformes,Extant,Marine,fishbase (Nelson 1994); fao ftp://ftp.fao.org/docrep/fao/009/y4161e/y4161e10.pdf,0.512,NA,carnivore?,1,0,0,NA,1,0,0,NA,1,0,0,NA,
Siganidae,Perciformes,Extant (middle Eocene),"Brackish, Marine","fishbase (Nelson 1984, Berg 1958), wiki",0.103,NA,herbivore,1,0,0,NA,1,1,0,NA,1,0,0,NA,"dorsal f.s., anal f.s.; fishbase says spines are poisonous"
Sillaginidae,Perciformes,Extant,"Brackish, Marine",fishbase (McKay RJ 1992),0.121,NA,carnivore,1,0,0,NA,1,1,0,NA,1,0,0,NA,"dorsal f.s., anal f.s."
Siluridae,Siluriformes,Extant (Upper Miocene),Freshwater,"fishbase (Nelson 1994, Berg 1958)",0.255,NA,carnivore?,1,0,0,NA,1,1,0,NA,1,0,0,NA,pectoral f.s.
Sisoridae,Siluriformes,Extant (Pliocene),Freshwater,"fishbase (Nelson 1994, Berg 1958), wiki",0.212,NA,carnivore?,1,0,0,NA,1,1,0,NA,1,0,0,NA,"dorsal f.s., pectoral f.s."
Soleidae,Pleuronectiformes,Extant (lower Eocene),"freshwater, brackish, marine","fishbase (Nelson 1994, Berg 1958)",0.08,NA,carnivore,1,0,0,NA,1,1,0,NA,1,0,0,NA,"dorsal f.s., anal f.s."
Sparidae,Perciformes,Extant (lower Eocene),"freshwater, brackish, marine","fishbase (Nelson 1994, Berg 1958)",0.084,NA,carnivore,1,0,0,NA,1,1,0,NA,1,0,0,NA,"dorsal f.s., anal f.s."
Sphyraenidae,Perciformes,Extant (lower Eocene),Marine,"fishbase (Nelson 1994, Berg 1958)",0.213,NA,carnivore,1,0,0,NA,1,1,0,NA,1,0,0,NA,"dorsal f.s., anal f.s.; been known to attack humans"
Sternoptychidae,Stomiiformes,Extant,Marine,fishbase (Nelson 1994),0.061,NA,carnivore,1,0,0,NA,1,0,0,NA,1,0,0,NA,
Sternopygidae,Gymnotiformes,Extant,Freshwater,fishbase (Albert JS 2003),0.387,NA,omnivore?,1,0,0,NA,1,0,0,NA,1,0,0,NA,
Stichaeidae,Perciformes,Extant,Marine,fishbase (Nelson 1994),0.091,NA,?,1,0,0,NA,1,1,0,NA,1,0,0,NA,"dorsal f.s., anal f.s.; can breath oxygen"
Stomiidae,Stomiiformes,Extant (late Cretacous),Marine,"fishbase (Nelson 1994), wiki (https://en.wikipedia.org/wiki/Stomiiformes)",0.177,NA,carnivore,1,0,0,NA,1,0,0,NA,1,0,0,NA,largest predator of the deep sea
Stromateidae,Perciformes,Extant (Eocene),Marine,"fishbase (Nelson 1994), wiki",0.109,NA,carnivore,1,0,0,NA,1,1,0,NA,1,0,0,NA,"dorsal f.s., anal f.s."
Synaphobranchidae,Anguilliformes,Extant,Marine,fishbase (Nelson 1994); ftp://ftp.fao.org/docrep/fao/009/y4161e/y4161e09.pdf,0.509,NA,carnivore,1,0,0,NA,1,0,0,NA,1,0,0,NA,
Synbranchidae,Synbranchiformes,Extant,"Freshwater, brackish",fishbase (Nelson 1994),0.347,NA,carnivore,1,0,0,NA,1,0,0,NA,1,0,0,NA,adapted for air breathing
Syngnathidae,Syngnathiformes,Extant (lower Eocene),"Freshwater, brackish, marine","fishbase (Nelson 1994, Berg 1958)",0.172,NA,carnivore,1,0,0,NA,1,1,0,NA,1,0,0,NA,dorsal f.s. (Price et al) Sea horses!; Nelson et al (2016) no report of dorsal fin spine
Synodontidae,Aulopiformes,Extant (Miocene),"Brackish, Marine",fishbase (Nelson 1994; Berg 1958),0.18,NA,carnivore,1,0,0,NA,1,0,0,NA,1,0,0,NA,
Terapontidae,Perciformes,Extant,"Freshwater, brackish, marine",fishbase (Nelson 1994),0.089,NA,carnivore,1,0,1,NA,1,1,0,NA,1,0,0,NA,"dorsal f.s., anal f.s. (Price et al); operculum w spines (Nelson and fishbase); pectoral f.s. (Nelson)"
Tetragonuridae,Perciformes,Extant,Marine,fishbase (Nelson 1994),0.222,NA,carnivore,1,0,1,NA,1,1,0,NA,1,0,0,NA,"dorsal f.s., anal f.s."
Tetraodontidae,Tetraodontiformes,Extant (lower Eocene),"Fresh water, Brackish, Marine",fishbase (Nelson 1994; Berg 1958),0.056,NA,omnivore?,1,0,0,NA,1,1,1,NA,1,0,0,NA,"dorsal f.s., anal f.s. (Price et al), ""short prickles on the body"" (Fishbase)"" Puffer fish; Nelson et al (2016) does not report any spines"
Toxotidae,Perciformes,Extant,"Fresh water, Brackish, Marine",Nelson et al 2016; wiki,0.123,NA,carnivore,1,0,0,NA,1,1,0,NA,1,0,0,NA,"dorsal f.s., anal f.s."
Trachinidae,Perciformes,Extant (lower Eocene),Marine,fishbase (Nelson 1994; Berg 1958),0.14,NA,carnivore,1,0,1,NA,1,1,0,NA,1,0,0,NA,"dorsal f.s., anal f.s. (Price et al); spine on gill cover; poison gland associated w spines (Nelson et al 2016), buries self in sand!"
Trachipteridae,Lampriformes,Extant,Marine,fishbase (Nelson 1984) wiki,0.219,NA,carnivore?,1,0,0,NA,1,1,0,NA,1,0,0,NA,dorsal f.s. (Price et al); spines not reported by Nelson et al. (2016) or logged in fishbase; wiki says that they have spines along lateral line and numerous lumps under skin.
Triacanthidae,Tetradontiformes,Extant (Oligocene),Marine,"fishbase (Nelson 1994; Berg 1958), wiki",0.187,NA,carnivore,1,0,0,NA,1,1,0,NA,1,0,0,NA,"dorsal f.s., anal f.s (Price et al).; wikipedia says that the three spines these fish possess support the body structure. When they are not born w all three they typically die."
Trichiuridae,Perciformes,Extant (Eocene),"Brackish, Marine",fishbase (Nelson 1984; Berg 1958); ftp://ftp.fao.org/docrep/fao/009/y0870e/y0870e35.pdf,0.412,NA,carnivore,1,0,0,NA,1,1,0,NA,1,0,0,NA,"dorsal f.s., anal f.s."
Trichodontidae,Perciformes,Extant,Marine,"fishbase (Mecklenburg CW, 2013); Nelson et al 2016, wiki",0.12,NA,carnivore,1,0,0,NA,1,1,0,NA,1,0,0,NA,"dorsal f.s., anal f.s."
Trichomycteridae,Siluriformes,Extant,Freshwater,fishbase (Nelson 1994),0.109,NA,carnivore,1,0,1,NA,1,1,0,NA,1,0,0,NA,"dorsal f.s. (Price et al, but reported anywhere else); opercle w spines (fishbase, Nelson et al 2016); parasitic catfish"
Triglidae,Scorpaeniformes,Extant (Upper Eocene),"Brackish, Marine",fishbase (Nelson 2006; Berg 1958) wiki,0.073,NA,carnivore?,1,0,1,NA,1,1,0,NA,1,0,0,NA,"dorsal f.s., anal f.s.; preorbital projections often bearing spines(Nelson et al 2016); these have a modified pectoral fin--three of the fin rays rest outside of the fin and are used to sense stuff on the seafloor"
Umbridae,Esociformes,Extant,Freshwater,fishbase (Nelson 1984); http://www.fao.org/3/a-y4162e/y4162e44.pdf,0.14,NA,?,1,0,0,NA,1,0,0,NA,1,0,0,NA,
Uranoscopidae,Perciformes,Extant,Marine,fishbase,0.067,NA,carnivore,1,0,0,NA,1,1,0,NA,1,0,0,NA,"dorsal f.s., anal f.s. (Price et al); some without spinous dorsal; pelvic f.s.(fishbase); eyes on top of head. this fish is scary. "
Valenciidae,Cyprinodontiformes,Extant,Freshwater,fishbase (Nelson 1994),0.072,NA,?,1,0,0,NA,1,1,0,NA,1,0,0,NA,"dorsal f.s., anal f.s. (Price et al)-Nelson et al 2016 does not mention any spines"
Zanclidae,Perciformes,Extant,Marine,fishbase (Nelson; Berg 1958),0.082,NA,carnivore,1,0,1,NA,1,1,0,NA,1,0,0,NA,"dorsal f.s., anal f.s.; Spine at corner of mouth in juveniles and protuberances in front of eyes in adults (Nelson et al 2016)"
Zaproridae,Perciformes,Extant (Miocene),Marine,"fishbase (Mecklenburg CW, 2013); Nelson et al 2016, wiki",0.134,NA,"carnivore, planktivore",1,0,0,NA,1,1,0,NA,1,0,0,NA,"dorsal f.s., anal f.s."
Zeidae,Zeiformes,Extant,Marine,fishbase (Nelson 1994; Berg 1958); Nelson et al 2016; wiki,0.079,NA,carnivore,1,0,0,NA,1,0,0,NA,1,0,0,NA,"dorsal f.s., anal f.s."
Zoarcidae,Perciformes,Extant,Marine,fishbase (Nelson 1984); http://www.fao.org/3/a-y4162e/y4162e44.pdf,0.148,NA,carnivore,1,0,0,NA,1,1,0,NA,1,0,0,NA,"dorsal f.s., anal f.s. (Price et al.) Not mentioned in Nelson et al 2016 or fishbase. fao says spines are absent."